src_ip,dst_ip,src_port,dst_port,protocol,packet_size,timestamp
20.189.173.16,192.168.1.12,443,59532,TCP,54,1750067834.077549
20.189.173.16,192.168.1.12,443,59536,TCP,157,1750067834.204519
20.189.173.16,192.168.1.12,443,59536,TCP,60,1750067834.204519
20.189.173.16,192.168.1.12,443,59536,TCP,60,1750067834.204519
20.189.173.16,192.168.1.12,443,59536,TCP,66,1750067834.204519
20.189.173.16,192.168.1.12,443,59536,TCP,60,1750067834.204519
192.168.1.12,20.189.173.16,59536,443,TCP,54,1750067834.204642
20.189.173.16,192.168.1.12,443,59536,TCP,500,1750067834.206093
192.168.1.12,20.189.173.16,59536,443,TCP,54,1750067834.206156
192.168.1.12,239.255.255.250,54244,1900,UDP,179,1750067834.45633
192.168.1.12,13.107.5.93,59526,443,TCP,54,1750067834.504412
13.107.5.93,192.168.1.12,443,59526,TCP,60,1750067834.542455
13.107.5.93,192.168.1.12,443,59526,TCP,54,1750067834.542455
192.168.1.12,13.107.5.93,59526,443,TCP,54,1750067834.542586
192.168.1.12,40.104.66.130,51249,443,UDP,77,1750067834.623302
40.104.66.130,192.168.1.12,443,51249,UDP,76,1750067834.673502
192.168.1.12,224.0.0.251,5353,5353,UDP,82,1750067835.004612
192.168.1.12,224.0.0.251,5353,5353,UDP,82,1750067835.005245
192.168.1.12,20.189.173.16,59537,443,TCP,66,1750067835.525792
20.189.173.16,192.168.1.12,443,59537,TCP,66,1750067835.796374
192.168.1.12,20.189.173.16,59537,443,TCP,54,1750067835.796548
192.168.1.12,20.189.173.16,59537,443,TCP,571,1750067835.797282
192.168.1.12,224.0.0.251,5353,5353,UDP,82,1750067836.00713
192.168.1.12,224.0.0.251,5353,5353,UDP,82,1750067836.008285
20.189.173.16,192.168.1.12,443,59537,TCP,153,1750067836.094874
192.168.1.12,20.189.173.16,59537,443,TCP,491,1750067836.095901
20.189.173.16,192.168.1.12,443,59537,TCP,60,1750067836.416125
20.189.173.16,192.168.1.12,443,59537,TCP,1506,1750067836.443888
20.189.173.16,192.168.1.12,443,59537,TCP,1506,1750067836.443888
20.189.173.16,192.168.1.12,443,59537,TCP,1506,1750067836.443888
20.189.173.16,192.168.1.12,443,59537,TCP,232,1750067836.443888
192.168.1.12,20.189.173.16,59537,443,TCP,54,1750067836.444038
192.168.1.12,20.189.173.16,59537,443,TCP,1494,1750067836.445744
192.168.1.12,20.189.173.16,59537,443,TCP,1494,1750067836.445744
192.168.1.12,20.189.173.16,59537,443,TCP,1494,1750067836.445744
192.168.1.12,20.189.173.16,59537,443,TCP,1494,1750067836.445744
192.168.1.12,20.189.173.16,59537,443,TCP,1494,1750067836.445744
192.168.1.12,20.189.173.16,59537,443,TCP,1494,1750067836.445744
192.168.1.12,20.189.173.16,59537,443,TCP,1494,1750067836.445744
192.168.1.12,20.189.173.16,59537,443,TCP,1494,1750067836.445744
192.168.1.12,20.189.173.16,59537,443,TCP,1494,1750067836.445744
192.168.1.12,20.189.173.16,59537,443,TCP,1494,1750067836.445744
20.189.173.16,192.168.1.12,443,59537,TCP,60,1750067836.71819
20.189.173.16,192.168.1.12,443,59537,TCP,60,1750067836.71819
20.189.173.16,192.168.1.12,443,59537,TCP,60,1750067836.71819
20.189.173.16,192.168.1.12,443,59537,TCP,60,1750067836.71819
192.168.1.12,20.189.173.16,59537,443,TCP,1494,1750067836.718279
192.168.1.12,20.189.173.16,59537,443,TCP,1494,1750067836.718279
192.168.1.12,20.189.173.16,59537,443,TCP,1494,1750067836.718279
192.168.1.12,20.189.173.16,59537,443,TCP,1494,1750067836.718279
192.168.1.12,20.189.173.16,59537,443,TCP,1494,1750067836.718279
192.168.1.12,20.189.173.16,59537,443,TCP,1041,1750067836.718279
20.189.173.16,192.168.1.12,443,59537,TCP,157,1750067836.718537
192.168.1.12,20.189.173.16,59537,443,TCP,54,1750067836.761608
192.168.1.12,40.104.66.130,51249,443,UDP,116,1750067836.961261
20.189.173.16,192.168.1.12,443,59537,TCP,60,1750067836.989473
20.189.173.16,192.168.1.12,443,59537,TCP,60,1750067836.989473
20.189.173.16,192.168.1.12,443,59537,TCP,521,1750067836.991776
192.168.1.12,20.189.173.16,59537,443,TCP,54,1750067836.991883
192.168.1.12,20.189.173.16,59537,443,TCP,78,1750067836.992337
192.168.1.12,20.189.173.16,59537,443,TCP,54,1750067836.992435
40.104.66.130,192.168.1.12,443,51249,UDP,89,1750067837.011289
20.189.173.16,192.168.1.12,443,59537,TCP,54,1750067837.275012
192.168.1.12,239.255.255.250,54244,1900,UDP,179,1750067837.461346
192.168.1.12,20.207.73.85,59538,443,TCP,66,1750067837.632323
20.207.73.85,192.168.1.12,443,59538,TCP,70,1750067837.691307
192.168.1.12,20.207.73.85,59538,443,TCP,54,1750067837.691442
192.168.1.12,20.207.73.85,59538,443,TCP,1490,1750067837.692024
192.168.1.12,20.207.73.85,59538,443,TCP,421,1750067837.692024
20.207.73.85,192.168.1.12,443,59538,TCP,64,1750067837.772171
20.207.73.85,192.168.1.12,443,59538,TCP,1494,1750067837.772171
20.207.73.85,192.168.1.12,443,59538,TCP,1494,1750067837.772171
20.207.73.85,192.168.1.12,443,59538,TCP,675,1750067837.772171
192.168.1.12,20.207.73.85,59538,443,TCP,54,1750067837.772292
192.168.1.12,20.207.73.85,59538,443,TCP,118,1750067837.772877
192.168.1.12,20.207.73.85,59538,443,TCP,146,1750067837.773056
192.168.1.12,20.207.73.85,59538,443,TCP,780,1750067837.773231
192.168.1.12,20.207.73.85,59538,443,TCP,1490,1750067837.773329
192.168.1.12,20.207.73.85,59538,443,TCP,1490,1750067837.773329
192.168.1.12,20.207.73.85,59538,443,TCP,1490,1750067837.773329
192.168.1.12,20.207.73.85,59538,443,TCP,1490,1750067837.773329
192.168.1.12,20.207.73.85,59538,443,TCP,1490,1750067837.773329
192.168.1.12,20.207.73.85,59538,443,TCP,1490,1750067837.773329
192.168.1.12,20.207.73.85,59538,443,TCP,1490,1750067837.773329
192.168.1.12,20.207.73.85,59538,443,TCP,1490,1750067837.773329
192.168.1.12,20.207.73.85,59538,443,TCP,1490,1750067837.773329
192.168.1.12,20.207.73.85,59538,443,TCP,1490,1750067837.773329
20.207.73.85,192.168.1.12,443,59538,TCP,137,1750067837.83464
20.207.73.85,192.168.1.12,443,59538,TCP,137,1750067837.83464
20.207.73.85,192.168.1.12,443,59538,TCP,64,1750067837.83464
20.207.73.85,192.168.1.12,443,59538,TCP,122,1750067837.83464
192.168.1.12,20.207.73.85,59538,443,TCP,1490,1750067837.834821
192.168.1.12,20.207.73.85,59538,443,TCP,1490,1750067837.834821
192.168.1.12,20.207.73.85,59538,443,TCP,1490,1750067837.834821
192.168.1.12,20.207.73.85,59538,443,TCP,1490,1750067837.834821
192.168.1.12,20.207.73.85,59538,443,TCP,1490,1750067837.834821
192.168.1.12,20.207.73.85,59538,443,TCP,1490,1750067837.834821
192.168.1.12,20.207.73.85,59538,443,TCP,1490,1750067837.834821
192.168.1.12,20.207.73.85,59538,443,TCP,1490,1750067837.834821
192.168.1.12,20.207.73.85,59538,443,TCP,1490,1750067837.834821
192.168.1.12,20.207.73.85,59538,443,TCP,1490,1750067837.834821
192.168.1.12,20.207.73.85,59538,443,TCP,1490,1750067837.834821
192.168.1.12,20.207.73.85,59538,443,TCP,1490,1750067837.834821
192.168.1.12,20.207.73.85,59538,443,TCP,1490,1750067837.834821
192.168.1.12,20.207.73.85,59538,443,TCP,1490,1750067837.834821
192.168.1.12,20.207.73.85,59538,443,TCP,1490,1750067837.834821
192.168.1.12,20.207.73.85,59538,443,TCP,1490,1750067837.834821
192.168.1.12,20.207.73.85,59538,443,TCP,1490,1750067837.834821
192.168.1.12,20.207.73.85,59538,443,TCP,1490,1750067837.834821
192.168.1.12,20.207.73.85,59538,443,TCP,1490,1750067837.834821
20.207.73.85,192.168.1.12,443,59538,TCP,64,1750067837.896595
20.207.73.85,192.168.1.12,443,59538,TCP,64,1750067837.896595
20.207.73.85,192.168.1.12,443,59538,TCP,106,1750067837.896595
20.207.73.85,192.168.1.12,443,59538,TCP,106,1750067837.896595
192.168.1.12,20.207.73.85,59538,443,TCP,1490,1750067837.896723
192.168.1.12,20.207.73.85,59538,443,TCP,1490,1750067837.896723
192.168.1.12,20.207.73.85,59538,443,TCP,1490,1750067837.896723
192.168.1.12,20.207.73.85,59538,443,TCP,1490,1750067837.896723
192.168.1.12,20.207.73.85,59538,443,TCP,1490,1750067837.896723
192.168.1.12,20.207.73.85,59538,443,TCP,1490,1750067837.896723
192.168.1.12,20.207.73.85,59538,443,TCP,1490,1750067837.896723
192.168.1.12,20.207.73.85,59538,443,TCP,1490,1750067837.896723
192.168.1.12,20.207.73.85,59538,443,TCP,1490,1750067837.896723
192.168.1.12,20.207.73.85,59538,443,TCP,1490,1750067837.896723
192.168.1.12,20.207.73.85,59538,443,TCP,1490,1750067837.896723
192.168.1.12,20.207.73.85,59538,443,TCP,1490,1750067837.896723
192.168.1.12,20.207.73.85,59538,443,TCP,1490,1750067837.896723
192.168.1.12,20.207.73.85,59538,443,TCP,1490,1750067837.896723
192.168.1.12,20.207.73.85,59538,443,TCP,1490,1750067837.896723
192.168.1.12,20.207.73.85,59538,443,TCP,1490,1750067837.896723
192.168.1.12,20.207.73.85,59538,443,TCP,1155,1750067837.896723
192.168.1.12,20.207.73.85,59538,443,TCP,1490,1750067837.896898
192.168.1.12,20.207.73.85,59538,443,TCP,1490,1750067837.896898
192.168.1.12,20.207.73.85,59538,443,TCP,1490,1750067837.896898
192.168.1.12,20.207.73.85,59538,443,TCP,1490,1750067837.896898
192.168.1.12,20.207.73.85,59538,443,TCP,1490,1750067837.896898
192.168.1.12,20.207.73.85,59538,443,TCP,1490,1750067837.896898
192.168.1.12,20.207.73.85,59538,443,TCP,1490,1750067837.896898
192.168.1.12,20.207.73.85,59538,443,TCP,1490,1750067837.896898
192.168.1.12,20.207.73.85,59538,443,TCP,1490,1750067837.896898
192.168.1.12,20.207.73.85,59538,443,TCP,1490,1750067837.896898
192.168.1.12,20.207.73.85,59538,443,TCP,1490,1750067837.896898
192.168.1.12,20.207.73.85,59538,443,TCP,629,1750067837.896898
20.207.73.85,192.168.1.12,443,59538,TCP,64,1750067837.948616
20.207.73.85,192.168.1.12,443,59538,TCP,106,1750067837.948616
20.207.73.85,192.168.1.12,443,59538,TCP,106,1750067837.948616
20.207.73.85,192.168.1.12,443,59538,TCP,106,1750067837.948616
192.168.1.64,51.104.15.252,58024,443,TCP,195,1750247691.510506
192.168.1.64,51.104.15.252,58024,443,TCP,93,1750247691.510693
192.168.1.64,51.104.15.252,58024,443,TCP,2535,1750247691.510749
51.104.15.252,192.168.1.64,443,58024,TCP,54,1750247691.670789
51.104.15.252,192.168.1.64,443,58024,TCP,93,1750247691.671382
192.168.1.64,51.104.15.252,58024,443,TCP,54,1750247691.719038
51.104.15.252,192.168.1.64,443,58024,TCP,54,1750247691.722021
20.189.172.73,192.168.1.64,443,58135,TCP,54,1750247691.824794
192.168.1.64,140.82.112.22,58145,443,TCP,66,1750247691.849489
51.104.15.252,192.168.1.64,443,58024,TCP,153,1750247691.907216
192.168.1.64,51.104.15.252,58024,443,TCP,89,1750247691.908028
51.104.15.252,192.168.1.64,443,58024,TCP,54,1750247692.130273
140.82.112.22,192.168.1.64,443,58145,TCP,66,1750247692.175018
192.168.1.64,140.82.112.22,58145,443,TCP,54,1750247692.175147
192.168.1.64,140.82.112.22,58145,443,TCP,571,1750247692.175801
140.82.112.22,192.168.1.64,443,58145,TCP,1490,1750247692.549449
140.82.112.22,192.168.1.64,443,58145,TCP,1490,1750247692.549449
140.82.112.22,192.168.1.64,443,58145,TCP,1278,1750247692.549449
140.82.112.22,192.168.1.64,443,58145,TCP,1490,1750247692.549449
140.82.112.22,192.168.1.64,443,58145,TCP,209,1750247692.549449
192.168.1.64,140.82.112.22,58145,443,TCP,54,1750247692.549663
192.168.1.64,140.82.112.22,58145,443,TCP,118,1750247692.553779
192.168.1.64,140.82.112.22,58145,443,TCP,9549,1750247692.554025
140.82.112.22,192.168.1.64,443,58145,TCP,133,1750247692.866829
140.82.112.22,192.168.1.64,443,58145,TCP,133,1750247692.866829
192.168.1.64,140.82.112.22,58145,443,TCP,54,1750247692.866951
140.82.112.22,192.168.1.64,443,58145,TCP,144,1750247692.869311
140.82.112.22,192.168.1.64,443,58145,TCP,54,1750247692.869311
140.82.112.22,192.168.1.64,443,58145,TCP,54,1750247692.869311
192.168.1.64,140.82.112.22,58145,443,TCP,54,1750247692.869389
192.168.1.64,140.82.112.22,58145,443,TCP,54,1750247692.869444
192.168.1.64,140.82.112.22,58145,443,TCP,85,1750247692.869817
20.189.172.73,192.168.1.64,443,58139,TCP,54,1750247692.968837
20.189.172.73,192.168.1.64,443,58138,TCP,54,1750247693.117834
140.82.112.22,192.168.1.64,443,58145,TCP,519,1750247693.168456
192.168.1.64,140.82.112.22,58145,443,TCP,54,1750247693.209503
140.82.112.22,192.168.1.64,443,58145,TCP,54,1750247693.23164
140.82.112.22,192.168.1.64,443,58131,TCP,78,1750247693.922135
140.82.112.22,192.168.1.64,443,58131,TCP,54,1750247693.923305
192.168.1.64,140.82.112.22,58131,443,TCP,54,1750247693.923363
140.82.114.21,192.168.1.64,443,58133,TCP,78,1750247694.214091
140.82.114.21,192.168.1.64,443,58133,TCP,54,1750247694.214091
192.168.1.64,140.82.114.21,58133,443,TCP,54,1750247694.214229
192.168.1.64,192.168.1.51,58146,7680,TCP,66,1750247694.981144
192.168.1.64,192.168.1.51,58146,7680,TCP,66,1750247695.98476
192.168.1.64,192.168.1.51,58146,7680,TCP,66,1750247697.987723
192.168.1.64,51.132.193.105,58093,443,TCP,167,1750247698.917328
192.168.1.64,51.132.193.105,58093,443,TCP,2706,1750247698.917476
51.132.193.105,192.168.1.64,443,58093,TCP,56,1750247699.081789
51.132.193.105,192.168.1.64,443,58093,TCP,153,1750247699.106385
192.168.1.64,51.132.193.105,58093,443,TCP,89,1750247699.108
192.168.1.64,51.132.193.105,58093,443,TCP,89,1750247699.445168
51.132.193.105,192.168.1.64,443,58093,TCP,56,1750247699.476762
51.132.193.105,192.168.1.64,443,58093,TCP,66,1750247699.597879
192.168.1.64,20.50.88.235,58147,443,TCP,66,1750247701.680702
20.50.88.235,192.168.1.64,443,58147,TCP,66,1750247701.83321
192.168.1.64,20.50.88.235,58147,443,TCP,54,1750247701.83336
192.168.1.64,20.50.88.235,58147,443,TCP,571,1750247701.833912
192.168.1.64,192.168.1.51,58146,7680,TCP,66,1750247701.990772
20.50.88.235,192.168.1.64,443,58147,TCP,153,1750247702.024734
192.168.1.64,20.50.88.235,58147,443,TCP,392,1750247702.027363
20.50.88.235,192.168.1.64,443,58147,TCP,1506,1750247702.186472
20.50.88.235,192.168.1.64,443,58147,TCP,1506,1750247702.186472
192.168.1.64,20.50.88.235,58147,443,TCP,54,1750247702.186569
20.50.88.235,192.168.1.64,443,58147,TCP,1506,1750247702.187541
20.50.88.235,192.168.1.64,443,58147,TCP,105,1750247702.187541
192.168.1.64,20.50.88.235,58147,443,TCP,54,1750247702.18759
192.168.1.64,20.50.88.235,58147,443,TCP,691,1750247702.188283
20.50.88.235,192.168.1.64,443,58147,TCP,157,1750247702.345095
20.50.88.235,192.168.1.64,443,58147,TCP,479,1750247702.345444
192.168.1.64,20.50.88.235,58147,443,TCP,54,1750247702.34552
20.50.88.235,192.168.1.64,443,58147,TCP,81,1750247702.345731
192.168.1.64,20.50.88.235,58147,443,TCP,54,1750247702.345803
192.168.1.64,20.50.88.235,58147,443,TCP,78,1750247702.346505
192.168.1.64,20.50.88.235,58147,443,TCP,54,1750247702.346806
20.50.88.235,192.168.1.64,443,58147,TCP,54,1750247702.516021
20.50.88.235,192.168.1.64,443,58147,TCP,54,1750247702.516021
192.168.1.64,52.123.168.4,58049,443,TCP,55,1750247703.726659
52.123.168.4,192.168.1.64,443,58049,TCP,66,1750247703.870428
192.168.1.65,224.0.0.251,5353,5353,UDP,122,1750247704.090797
192.168.1.65,224.0.0.251,5353,5353,UDP,257,1750247705.115216
20.207.73.85,192.168.1.64,443,58114,TCP,97,1750247706.688984
20.207.73.85,192.168.1.64,443,58114,TCP,82,1750247706.688984
192.168.1.64,20.207.73.85,58114,443,TCP,54,1750247706.689114
20.207.73.85,192.168.1.64,443,58114,TCP,58,1750247706.689307
192.168.1.64,20.207.73.85,58114,443,TCP,54,1750247706.689369
192.168.1.64,20.207.73.85,58114,443,TCP,110,1750247706.690151
192.168.1.64,20.207.73.85,58114,443,TCP,54,1750247706.69051
20.207.73.85,192.168.1.64,443,58114,TCP,58,1750247706.726403
20.207.73.85,192.168.1.64,443,58114,TCP,58,1750247706.726403
20.207.73.85,192.168.1.64,443,58114,TCP,58,1750247706.726403
20.207.73.85,192.168.1.64,443,58114,TCP,58,1750247706.726403
192.168.1.64,20.207.73.85,58119,443,TCP,266,1750247707.075536
192.168.1.64,20.207.73.85,58119,443,TCP,93,1750247707.075611
192.168.1.64,20.207.73.85,58119,443,TCP,2523,1750247707.07563
192.168.1.64,20.207.73.85,58119,443,TCP,128,1750247707.099168
192.168.1.64,20.207.73.85,58119,443,TCP,14414,1750247707.099356
20.207.73.85,192.168.1.64,443,58119,TCP,58,1750247707.116013
20.207.73.85,192.168.1.64,443,58119,TCP,58,1750247707.116013
20.207.73.85,192.168.1.64,443,58119,TCP,97,1750247707.116013
20.207.73.85,192.168.1.64,443,58119,TCP,58,1750247707.116013
20.207.73.85,192.168.1.64,443,58119,TCP,58,1750247707.116013
20.207.73.85,192.168.1.64,443,58119,TCP,106,1750247707.116013
192.168.1.64,20.207.73.85,58119,443,TCP,1799,1750247707.116116
192.168.1.64,20.207.73.85,58119,443,TCP,128,1750247707.129344
192.168.1.64,20.207.73.85,58119,443,TCP,2926,1750247707.12945
20.207.73.85,192.168.1.64,443,58119,TCP,58,1750247707.13672
20.207.73.85,192.168.1.64,443,58119,TCP,58,1750247707.13692
192.168.1.64,20.207.73.85,58119,443,TCP,2926,1750247707.136935
20.207.73.85,192.168.1.64,443,58119,TCP,58,1750247707.137453
20.207.73.85,192.168.1.64,443,58119,TCP,58,1750247707.137453
192.168.1.64,20.207.73.85,58119,443,TCP,5798,1750247707.137464
20.207.73.85,192.168.1.64,443,58119,TCP,58,1750247707.137542
20.207.73.85,192.168.1.64,443,58119,TCP,58,1750247707.137542
192.168.1.64,20.207.73.85,58119,443,TCP,1260,1750247707.137549
192.168.1.64,20.207.73.85,58119,443,TCP,127,1750247707.154955
192.168.1.64,20.207.73.85,58119,443,TCP,1138,1750247707.155042
20.207.73.85,192.168.1.64,443,58119,TCP,58,1750247707.158621
20.207.73.85,192.168.1.64,443,58119,TCP,58,1750247707.158621
20.207.73.85,192.168.1.64,443,58119,TCP,106,1750247707.158621
20.207.73.85,192.168.1.64,443,58119,TCP,58,1750247707.173542
20.207.73.85,192.168.1.64,443,58119,TCP,58,1750247707.175202
20.207.73.85,192.168.1.64,443,58119,TCP,58,1750247707.175202
20.207.73.85,192.168.1.64,443,58119,TCP,58,1750247707.175202
20.207.73.85,192.168.1.64,443,58119,TCP,58,1750247707.175202
20.207.73.85,192.168.1.64,443,58119,TCP,58,1750247707.175202
20.207.73.85,192.168.1.64,443,58119,TCP,58,1750247707.175202
20.207.73.85,192.168.1.64,443,58119,TCP,58,1750247707.176212
20.207.73.85,192.168.1.64,443,58119,TCP,58,1750247707.176212
20.207.73.85,192.168.1.64,443,58119,TCP,106,1750247707.176212
192.168.1.64,20.207.73.85,58119,443,TCP,54,1750247707.176275
192.168.1.64,20.207.73.85,58119,443,TCP,127,1750247707.187282
192.168.1.64,20.207.73.85,58119,443,TCP,1278,1750247707.187365
20.207.73.85,192.168.1.64,443,58119,TCP,58,1750247707.19278
20.207.73.85,192.168.1.64,443,58119,TCP,58,1750247707.195195
20.207.73.85,192.168.1.64,443,58119,TCP,106,1750247707.195195
192.168.1.64,20.207.73.85,58119,443,TCP,127,1750247707.213097
192.168.1.64,20.207.73.85,58119,443,TCP,3538,1750247707.213178
192.168.1.64,20.207.73.85,58119,443,TCP,127,1750247707.239663
192.168.1.64,20.207.73.85,58119,443,TCP,423,1750247707.239757
20.207.73.85,192.168.1.64,443,58119,TCP,58,1750247707.244677
20.207.73.85,192.168.1.64,443,58119,TCP,58,1750247707.245677
20.207.73.85,192.168.1.64,443,58119,TCP,106,1750247707.245916
20.207.73.85,192.168.1.64,443,58119,TCP,58,1750247707.250417
20.207.73.85,192.168.1.64,443,58119,TCP,58,1750247707.250847
20.207.73.85,192.168.1.64,443,58119,TCP,58,1750247707.254034
20.207.73.85,192.168.1.64,443,58119,TCP,106,1750247707.254034
192.168.1.64,20.207.73.85,58119,443,TCP,54,1750247707.254108
192.168.1.64,20.207.73.85,58119,443,TCP,127,1750247707.269936
192.168.1.64,20.207.73.85,58119,443,TCP,1221,1750247707.270025
20.207.73.85,192.168.1.64,443,58119,TCP,58,1750247707.278712
20.207.73.85,192.168.1.64,443,58119,TCP,106,1750247707.278774
20.207.73.85,192.168.1.64,443,58119,TCP,58,1750247707.306487
20.207.73.85,192.168.1.64,443,58119,TCP,58,1750247707.308481
20.207.73.85,192.168.1.64,443,58119,TCP,106,1750247707.308481
192.168.1.64,20.207.73.85,58119,443,TCP,54,1750247707.308858
20.207.73.85,192.168.1.64,443,58119,TCP,1277,1750247707.406362
192.168.1.64,20.207.73.85,58119,443,TCP,89,1750247707.407293
192.168.1.64,20.207.73.85,58119,443,TCP,127,1750247707.411764
192.168.1.64,20.207.73.85,58119,443,TCP,2827,1750247707.411867
20.207.73.85,192.168.1.64,443,58119,TCP,1210,1750247707.448488
192.168.1.64,20.207.73.85,58119,443,TCP,54,1750247707.448554
192.168.1.64,20.207.73.85,58119,443,TCP,127,1750247707.453141
192.168.1.64,20.207.73.85,58119,443,TCP,3527,1750247707.453228
20.207.73.85,192.168.1.64,443,58119,TCP,58,1750247707.456357
20.207.73.85,192.168.1.64,443,58119,TCP,58,1750247707.456357
20.207.73.85,192.168.1.64,443,58119,TCP,58,1750247707.456357
20.207.73.85,192.168.1.64,443,58119,TCP,106,1750247707.456357
20.207.73.85,192.168.1.64,443,58119,TCP,58,1750247707.499435
20.207.73.85,192.168.1.64,443,58119,TCP,58,1750247707.499745
20.207.73.85,192.168.1.64,443,58119,TCP,58,1750247707.499745
20.207.73.85,192.168.1.64,443,58119,TCP,106,1750247707.499777
192.168.1.64,20.207.73.85,58119,443,TCP,54,1750247707.499811
20.207.73.85,192.168.1.64,443,58119,TCP,1209,1750247707.501962
20.207.73.85,192.168.1.64,443,58119,TCP,1386,1750247707.504804
192.168.1.64,20.207.73.85,58119,443,TCP,54,1750247707.504904
192.168.1.64,20.207.73.85,58119,443,TCP,127,1750247707.505764
192.168.1.64,20.207.73.85,58119,443,TCP,2026,1750247707.505825
20.207.73.85,192.168.1.64,443,58119,TCP,1208,1750247707.535377
192.168.1.64,20.207.73.85,58119,443,TCP,127,1750247707.539432
192.168.1.64,20.207.73.85,58119,443,TCP,3819,1750247707.53956
20.207.73.85,192.168.1.64,443,58119,TCP,58,1750247707.552943
20.207.73.85,192.168.1.64,443,58119,TCP,58,1750247707.559911
20.207.73.85,192.168.1.64,443,58119,TCP,58,1750247707.559911
20.207.73.85,192.168.1.64,443,58119,TCP,106,1750247707.559911
192.168.1.64,20.207.73.85,58119,443,TCP,127,1750247707.567774
192.168.1.64,20.207.73.85,58119,443,TCP,1641,1750247707.567852
20.207.73.85,192.168.1.64,443,58119,TCP,1211,1750247707.571154
192.168.1.64,20.207.73.85,58119,443,TCP,54,1750247707.571263
20.207.73.85,192.168.1.64,443,58119,TCP,58,1750247707.579507
192.168.1.64,20.207.73.85,58119,443,TCP,127,1750247707.593758
192.168.1.64,20.207.73.85,58119,443,TCP,1251,1750247707.593832
20.207.73.85,192.168.1.64,443,58119,TCP,58,1750247707.603478
20.207.73.85,192.168.1.64,443,58119,TCP,106,1750247707.603478
20.207.73.85,192.168.1.64,443,58119,TCP,58,1750247707.604406
20.207.73.85,192.168.1.64,443,58119,TCP,106,1750247707.604406
192.168.1.64,20.207.73.85,58119,443,TCP,54,1750247707.604432
20.207.73.85,192.168.1.64,443,58119,TCP,58,1750247707.633942
20.207.73.85,192.168.1.64,443,58119,TCP,58,1750247707.635934
20.207.73.85,192.168.1.64,443,58119,TCP,106,1750247707.635934
192.168.1.64,20.207.73.85,58119,443,TCP,54,1750247707.682838
20.207.73.85,192.168.1.64,443,58119,TCP,1494,1750247707.741096
20.207.73.85,192.168.1.64,443,58119,TCP,1494,1750247707.741096
20.207.73.85,192.168.1.64,443,58119,TCP,1494,1750247707.741096
20.207.73.85,192.168.1.64,443,58119,TCP,1494,1750247707.741096
20.207.73.85,192.168.1.64,443,58119,TCP,1494,1750247707.741096
20.207.73.85,192.168.1.64,443,58119,TCP,1494,1750247707.741096
20.207.73.85,192.168.1.64,443,58119,TCP,1494,1750247707.741096
20.207.73.85,192.168.1.64,443,58119,TCP,1494,1750247707.741096
20.207.73.85,192.168.1.64,443,58119,TCP,1494,1750247707.741096
20.207.73.85,192.168.1.64,443,58119,TCP,1494,1750247707.741096
192.168.1.64,20.207.73.85,58119,443,TCP,54,1750247707.741226
192.168.1.64,20.207.73.85,58119,443,TCP,127,1750247707.745321
192.168.1.64,20.207.73.85,58119,443,TCP,972,1750247707.745423
20.207.73.85,192.168.1.64,443,58119,TCP,1494,1750247707.809765
20.207.73.85,192.168.1.64,443,58119,TCP,1494,1750247707.809765
20.207.73.85,192.168.1.64,443,58119,TCP,1494,1750247707.809765
20.207.73.85,192.168.1.64,443,58119,TCP,1494,1750247707.809765
20.207.73.85,192.168.1.64,443,58119,TCP,60,1750247707.809765
20.207.73.85,192.168.1.64,443,58119,TCP,1494,1750247707.809765
20.207.73.85,192.168.1.64,443,58119,TCP,1494,1750247707.809765
20.207.73.85,192.168.1.64,443,58119,TCP,1494,1750247707.809765
20.207.73.85,192.168.1.64,443,58119,TCP,1494,1750247707.809765
192.168.1.64,20.207.73.85,58119,443,TCP,54,1750247707.809868
20.207.73.85,192.168.1.64,443,58119,TCP,1494,1750247707.809958
20.207.73.85,192.168.1.64,443,58119,TCP,1494,1750247707.809958
20.207.73.85,192.168.1.64,443,58119,TCP,1494,1750247707.809958
20.207.73.85,192.168.1.64,443,58119,TCP,1494,1750247707.809958
20.207.73.85,192.168.1.64,443,58119,TCP,1494,1750247707.809958
20.207.73.85,192.168.1.64,443,58119,TCP,1494,1750247707.809958
20.207.73.85,192.168.1.64,443,58119,TCP,1494,1750247707.809958
20.207.73.85,192.168.1.64,443,58119,TCP,1494,1750247707.809958
192.168.1.64,20.207.73.85,58119,443,TCP,54,1750247707.81002
20.207.73.85,192.168.1.64,443,58119,TCP,1494,1750247707.81006
20.207.73.85,192.168.1.64,443,58119,TCP,1494,1750247707.81006
20.207.73.85,192.168.1.64,443,58119,TCP,1494,1750247707.81006
20.207.73.85,192.168.1.64,443,58119,TCP,1494,1750247707.81006
192.168.1.64,20.207.73.85,58119,443,TCP,54,1750247707.810083
192.168.1.64,20.207.73.85,58119,443,TCP,127,1750247707.827568
192.168.1.64,20.207.73.85,58119,443,TCP,1979,1750247707.827654
20.207.73.85,192.168.1.64,443,58119,TCP,1494,1750247707.848481
20.207.73.85,192.168.1.64,443,58119,TCP,1494,1750247707.848481
20.207.73.85,192.168.1.64,443,58119,TCP,1494,1750247707.848481
20.207.73.85,192.168.1.64,443,58119,TCP,1494,1750247707.848481
20.207.73.85,192.168.1.64,443,58119,TCP,1494,1750247707.848481
20.207.73.85,192.168.1.64,443,58119,TCP,1494,1750247707.848481
20.207.73.85,192.168.1.64,443,58119,TCP,1494,1750247707.848481
20.207.73.85,192.168.1.64,443,58119,TCP,1494,1750247707.848481
20.207.73.85,192.168.1.64,443,58119,TCP,1494,1750247707.848481
20.207.73.85,192.168.1.64,443,58119,TCP,1494,1750247707.848481
20.207.73.85,192.168.1.64,443,58119,TCP,1494,1750247707.848481
20.207.73.85,192.168.1.64,443,58119,TCP,1494,1750247707.848481
20.207.73.85,192.168.1.64,443,58119,TCP,1494,1750247707.848481
20.207.73.85,192.168.1.64,443,58119,TCP,1494,1750247707.848481
20.207.73.85,192.168.1.64,443,58119,TCP,1494,1750247707.848481
20.207.73.85,192.168.1.64,443,58119,TCP,1494,1750247707.848481
20.207.73.85,192.168.1.64,443,58119,TCP,1494,1750247707.848481
192.168.1.64,20.207.73.85,58119,443,TCP,54,1750247707.848627
20.207.73.85,192.168.1.64,443,58119,TCP,1494,1750247707.848761
20.207.73.85,192.168.1.64,443,58119,TCP,1494,1750247707.848761
20.207.73.85,192.168.1.64,443,58119,TCP,1494,1750247707.848761
20.207.73.85,192.168.1.64,443,58119,TCP,1494,1750247707.848761
20.207.73.85,192.168.1.64,443,58119,TCP,1494,1750247707.848761
20.207.73.85,192.168.1.64,443,58119,TCP,1494,1750247707.848761
20.207.73.85,192.168.1.64,443,58119,TCP,1494,1750247707.848761
20.207.73.85,192.168.1.64,443,58119,TCP,1494,1750247707.848761
20.207.73.85,192.168.1.64,443,58119,TCP,1494,1750247707.848761
20.207.73.85,192.168.1.64,443,58119,TCP,1494,1750247707.848761
20.207.73.85,192.168.1.64,443,58119,TCP,1494,1750247707.848761
20.207.73.85,192.168.1.64,443,58119,TCP,1494,1750247707.848761
20.207.73.85,192.168.1.64,443,58119,TCP,1494,1750247707.848761
20.207.73.85,192.168.1.64,443,58119,TCP,1494,1750247707.848761
20.207.73.85,192.168.1.64,443,58119,TCP,1494,1750247707.848761
20.207.73.85,192.168.1.64,443,58119,TCP,1494,1750247707.848761
20.207.73.85,192.168.1.64,443,58119,TCP,1494,1750247707.848761
20.207.73.85,192.168.1.64,443,58119,TCP,174,1750247707.848761
192.168.1.64,20.207.73.85,58119,443,TCP,54,1750247707.848847
192.168.1.64,20.207.73.85,58119,443,TCP,127,1750247707.855496
192.168.1.64,20.207.73.85,58119,443,TCP,9932,1750247707.855581
20.207.73.85,192.168.1.64,443,58119,TCP,1441,1750247707.85574
20.207.73.85,192.168.1.64,443,58119,TCP,60,1750247707.870606
20.207.73.85,192.168.1.64,443,58119,TCP,70,1750247707.870606
20.207.73.85,192.168.1.64,443,58119,TCP,60,1750247707.870606
20.207.73.85,192.168.1.64,443,58119,TCP,106,1750247707.870606
192.168.1.64,20.207.73.85,58119,443,TCP,54,1750247707.870671
20.207.73.85,192.168.1.64,443,58119,TCP,1210,1750247707.882637
192.168.1.64,20.207.73.85,58119,443,TCP,54,1750247707.882743
20.207.73.85,192.168.1.64,443,58119,TCP,1332,1750247707.886909
192.168.1.64,20.207.73.85,58119,443,TCP,54,1750247707.886968
20.207.73.85,192.168.1.64,443,58119,TCP,60,1750247707.89219
20.207.73.85,192.168.1.64,443,58119,TCP,60,1750247707.893338
20.207.73.85,192.168.1.64,443,58119,TCP,60,1750247707.893394
20.207.73.85,192.168.1.64,443,58119,TCP,106,1750247707.893394
20.207.73.85,192.168.1.64,443,58119,TCP,1494,1750247707.922783
20.207.73.85,192.168.1.64,443,58119,TCP,1494,1750247707.922783
20.207.73.85,192.168.1.64,443,58119,TCP,1494,1750247707.922783
20.207.73.85,192.168.1.64,443,58119,TCP,1494,1750247707.922783
20.207.73.85,192.168.1.64,443,58119,TCP,1494,1750247707.922783
20.207.73.85,192.168.1.64,443,58119,TCP,1494,1750247707.922783
20.207.73.85,192.168.1.64,443,58119,TCP,1494,1750247707.922783
20.207.73.85,192.168.1.64,443,58119,TCP,1494,1750247707.922783
20.207.73.85,192.168.1.64,443,58119,TCP,1494,1750247707.922783
20.207.73.85,192.168.1.64,443,58119,TCP,1494,1750247707.922783
20.207.73.85,192.168.1.64,443,58119,TCP,1494,1750247707.922783
20.207.73.85,192.168.1.64,443,58119,TCP,1494,1750247707.922783
20.207.73.85,192.168.1.64,443,58119,TCP,1494,1750247707.922783
20.207.73.85,192.168.1.64,443,58119,TCP,1494,1750247707.922783
20.207.73.85,192.168.1.64,443,58119,TCP,1494,1750247707.922783
20.207.73.85,192.168.1.64,443,58119,TCP,1494,1750247707.922783
20.207.73.85,192.168.1.64,443,58119,TCP,1494,1750247707.922783
20.207.73.85,192.168.1.64,443,58119,TCP,1494,1750247707.922783
20.207.73.85,192.168.1.64,443,58119,TCP,1494,1750247707.922783
20.207.73.85,192.168.1.64,443,58119,TCP,1494,1750247707.922783
20.207.73.85,192.168.1.64,443,58119,TCP,1494,1750247707.922783
20.207.73.85,192.168.1.64,443,58119,TCP,1494,1750247707.922783
20.207.73.85,192.168.1.64,443,58119,TCP,1494,1750247707.922783
20.207.73.85,192.168.1.64,443,58119,TCP,1494,1750247707.922783
20.207.73.85,192.168.1.64,443,58119,TCP,1494,1750247707.922783
20.207.73.85,192.168.1.64,443,58119,TCP,1494,1750247707.922783
20.207.73.85,192.168.1.64,443,58119,TCP,933,1750247707.922783
192.168.1.64,20.207.73.85,58119,443,TCP,54,1750247707.922984
20.207.73.85,192.168.1.64,443,58119,TCP,1210,1750247708.053715
192.168.1.65,224.0.0.251,5353,5353,UDP,257,1750247708.084832
192.168.1.64,20.207.73.85,58119,443,TCP,54,1750247708.099198
20.207.73.85,192.168.1.64,443,58119,TCP,1332,1750247708.118638
192.168.1.64,20.207.73.85,58119,443,TCP,54,1750247708.165096
20.207.73.85,192.168.1.64,443,58119,TCP,1494,1750247708.476092
20.207.73.85,192.168.1.64,443,58119,TCP,1494,1750247708.476092
20.207.73.85,192.168.1.64,443,58119,TCP,1494,1750247708.476092
20.207.73.85,192.168.1.64,443,58119,TCP,1494,1750247708.476092
20.207.73.85,192.168.1.64,443,58119,TCP,1494,1750247708.476092
20.207.73.85,192.168.1.64,443,58119,TCP,1494,1750247708.476092
20.207.73.85,192.168.1.64,443,58119,TCP,1494,1750247708.476092
20.207.73.85,192.168.1.64,443,58119,TCP,1494,1750247708.476092
20.207.73.85,192.168.1.64,443,58119,TCP,1494,1750247708.476092
20.207.73.85,192.168.1.64,443,58119,TCP,295,1750247708.476092
192.168.1.64,20.207.73.85,58119,443,TCP,54,1750247708.476183
20.207.73.85,192.168.1.64,443,58096,TCP,97,1750247708.640189
20.207.73.85,192.168.1.64,443,58096,TCP,82,1750247708.640189
20.207.73.85,192.168.1.64,443,58096,TCP,58,1750247708.640189
192.168.1.64,20.207.73.85,58096,443,TCP,54,1750247708.640302
192.168.1.64,20.207.73.85,58096,443,TCP,54,1750247708.640595
20.207.73.85,192.168.1.64,443,58119,TCP,1494,1750247708.657102
20.207.73.85,192.168.1.64,443,58119,TCP,1494,1750247708.657102
20.207.73.85,192.168.1.64,443,58119,TCP,1494,1750247708.657102
20.207.73.85,192.168.1.64,443,58119,TCP,1494,1750247708.657102
52.168.117.170,192.168.1.64,443,58233,TCP,519,1750248510.445428
192.168.1.64,52.168.117.170,58233,443,TCP,54,1750248510.445492
192.168.1.64,52.168.117.170,58233,443,TCP,78,1750248510.445975
192.168.1.64,52.168.117.170,58233,443,TCP,54,1750248510.446066
192.168.1.9,224.0.0.251,5353,5353,UDP,235,1750248510.501215
52.168.117.170,192.168.1.64,443,58233,TCP,54,1750248510.670123
52.168.117.170,192.168.1.64,443,58233,TCP,54,1750248510.670627
192.168.1.64,52.168.117.170,58232,443,TCP,171,1750248511.200951
192.168.1.64,52.168.117.170,58232,443,TCP,2510,1750248511.2011
52.168.117.170,192.168.1.64,443,58232,TCP,54,1750248511.427253
52.168.117.170,192.168.1.64,443,58232,TCP,153,1750248511.427253
192.168.1.64,52.168.117.170,58232,443,TCP,89,1750248511.428965
52.168.117.170,192.168.1.64,443,58232,TCP,54,1750248511.705104
192.168.1.26,224.0.0.251,5353,5353,UDP,191,1750248512.548154
192.168.1.26,224.0.0.251,5353,5353,UDP,191,1750248512.753497
192.168.1.26,224.0.0.251,5353,5353,UDP,191,1750248513.059975
192.168.1.26,224.0.0.251,5353,5353,UDP,504,1750248513.266618
192.168.1.9,224.0.0.251,5353,5353,UDP,100,1750248513.367465
192.168.1.9,224.0.0.251,5353,5353,UDP,235,1750248514.288887
192.168.1.9,224.0.0.251,5353,5353,UDP,100,1750248517.258806
192.168.1.9,224.0.0.251,5353,5353,UDP,235,1750248518.282862
192.168.1.9,224.0.0.251,5353,5353,UDP,100,1750248521.149481
192.168.1.64,52.168.117.170,58232,443,TCP,172,1750248521.370401
192.168.1.64,52.168.117.170,58232,443,TCP,2707,1750248521.370487
52.168.117.170,192.168.1.64,443,58232,TCP,54,1750248521.596431
52.168.117.170,192.168.1.64,443,58232,TCP,153,1750248521.60377
192.168.1.64,52.168.117.170,58232,443,TCP,89,1750248521.604671
52.168.117.170,192.168.1.64,443,58232,TCP,54,1750248521.877409
192.168.1.9,224.0.0.251,5353,5353,UDP,235,1750248522.175218
20.189.173.11,192.168.1.25,443,53193,TCP,157,1750847247.200116
20.189.173.11,192.168.1.25,443,53193,TCP,60,1750847247.201863
20.189.173.11,192.168.1.25,443,53193,TCP,60,1750847247.201863
20.189.173.11,192.168.1.25,443,53193,TCP,520,1750847247.201863
192.168.1.25,20.189.173.11,53193,443,TCP,54,1750847247.202006
192.168.1.25,20.189.173.11,53193,443,TCP,78,1750847247.202909
192.168.1.25,20.189.173.11,53193,443,TCP,54,1750847247.203111
192.168.1.19,192.168.1.25,55988,161,UDP,120,1750847247.240209
20.189.173.11,192.168.1.25,443,53193,TCP,54,1750847247.470821
192.168.1.25,192.168.1.1,53094,53,TCP,55,1750847247.667675
192.168.1.25,192.168.1.1,53095,53,TCP,55,1750847247.667675
192.168.1.1,192.168.1.25,53,53095,TCP,66,1750847247.67369
192.168.1.1,192.168.1.25,53,53094,TCP,66,1750847247.67369
192.168.1.25,140.82.112.21,53194,443,TCP,66,1750847247.721649
140.82.112.21,192.168.1.25,443,53194,TCP,66,1750847248.048247
192.168.1.25,140.82.112.21,53194,443,TCP,54,1750847248.048395
192.168.1.25,140.82.112.21,53194,443,TCP,571,1750847248.048948
140.82.112.21,192.168.1.25,443,53194,TCP,1490,1750847248.375053
140.82.112.21,192.168.1.25,443,53194,TCP,1490,1750847248.375053
140.82.112.21,192.168.1.25,443,53194,TCP,1278,1750847248.375053
192.168.1.25,140.82.112.21,53194,443,TCP,54,1750847248.375227
140.82.112.21,192.168.1.25,443,53194,TCP,1490,1750847248.377623
140.82.112.21,192.168.1.25,443,53194,TCP,209,1750847248.377623
192.168.1.25,140.82.112.21,53194,443,TCP,54,1750847248.377741
192.168.1.25,140.82.112.21,53194,443,TCP,118,1750847248.379462
192.168.1.25,140.82.112.21,53194,443,TCP,1490,1750847248.379612
192.168.1.25,140.82.112.21,53194,443,TCP,1490,1750847248.379612
192.168.1.25,140.82.112.21,53194,443,TCP,1490,1750847248.379612
192.168.1.25,140.82.112.21,53194,443,TCP,1490,1750847248.379612
192.168.1.25,140.82.112.21,53194,443,TCP,1490,1750847248.379612
192.168.1.25,140.82.112.21,53194,443,TCP,1490,1750847248.379612
192.168.1.25,140.82.112.21,53194,443,TCP,1490,1750847248.379612
192.168.1.25,140.82.112.21,53194,443,TCP,450,1750847248.379612
192.168.1.25,192.168.1.1,53108,53,TCP,55,1750847248.399073
192.168.1.25,192.168.1.1,53107,53,TCP,55,1750847248.399073
192.168.1.25,192.168.1.1,53106,53,TCP,55,1750847248.399073
192.168.1.1,192.168.1.25,53,53108,TCP,66,1750847248.403233
192.168.1.1,192.168.1.25,53,53106,TCP,66,1750847248.403233
192.168.1.1,192.168.1.25,53,53107,TCP,66,1750847248.403233
140.82.112.21,192.168.1.25,443,53194,TCP,133,1750847248.700902
140.82.112.21,192.168.1.25,443,53194,TCP,133,1750847248.700902
192.168.1.25,140.82.112.21,53194,443,TCP,54,1750847248.701027
140.82.112.21,192.168.1.25,443,53194,TCP,60,1750847248.707713
140.82.112.21,192.168.1.25,443,53194,TCP,60,1750847248.707713
140.82.112.21,192.168.1.25,443,53194,TCP,60,1750847248.707713
140.82.112.21,192.168.1.25,443,53194,TCP,144,1750847248.71167
192.168.1.25,140.82.112.21,53194,443,TCP,85,1750847248.712215
140.82.112.21,192.168.1.25,443,53194,TCP,518,1750847249.036109
192.168.1.25,140.82.112.21,53194,443,TCP,54,1750847249.076145
