src_ip,dst_ip,src_port,dst_port,protocol,packet_size,flow_duration,packet_rate,hour,minute,day_of_week
14,5,443,59532,0,-0.6480058012280302,0.5249567517042651,-0.3871301558748286,9,57,0
14,5,443,59536,0,-0.5541807688848047,0.5249567517042651,-0.3871301558748286,9,57,0
14,5,443,59536,0,-0.6425402653633763,0.5249567517042651,-0.3871301558748286,9,57,0
14,5,443,59536,0,-0.6425402653633763,0.5249567517042651,-0.3871301558748286,9,57,0
14,5,443,59536,0,-0.6370747294987223,0.5249567517042651,-0.3871301558748286,9,57,0
14,5,443,59536,0,-0.6425402653633763,0.5249567517042651,-0.3871301558748286,9,57,0
5,10,59536,443,0,-0.6480058012280302,0.3406975442185154,-0.3749989603945657,9,57,0
14,5,443,59536,0,-0.2417343019554226,0.5249567517042651,-0.3871301558748286,9,57,0
5,10,59536,443,0,-0.6480058012280302,0.3406975442185154,-0.3749989603945657,9,57,0
5,14,54244,1900,1,-0.534140470714407,0.4383987186430587,-0.4189086298350165,9,57,0
5,0,59526,443,0,-0.6480058012280302,-0.8960080892496876,-0.1670909528159391,9,57,0
0,5,443,59526,0,-0.6425402653633763,-0.913177747308376,-0.4221487387598042,9,57,0
0,5,443,59526,0,-0.6480058012280302,-0.913177747308376,-0.4221487387598042,9,57,0
5,0,59526,443,0,-0.6480058012280302,-0.8960080892496876,-0.1670909528159391,9,57,0
5,15,51249,443,1,-0.6270545804135236,0.1383745287233077,-0.4179841764554091,9,57,0
17,5,443,51249,1,-0.6279655030576325,0.1382967178875515,-0.4179838682709651,9,57,0
5,13,5353,5353,1,-0.6224999671929786,-0.4617521117255673,-0.4027468500557719,9,57,0
5,13,5353,5353,1,-0.6224999671929786,-0.4617521117255673,-0.4027468500557719,9,57,0
5,10,59537,443,0,-0.6370747294987223,0.3406975442185154,-0.3749989603945657,9,57,0
14,5,443,59537,0,-0.6370747294987223,0.5249567517042651,-0.3871301558748286,9,57,0
5,10,59537,443,0,-0.6480058012280302,0.3406975442185154,-0.3749989603945657,9,57,0
5,10,59537,443,0,-0.1770587942236847,0.3406975442185154,-0.3749989603945657,9,57,0
5,13,5353,5353,1,-0.6224999671929786,-0.4617521117255673,-0.4027468500557719,9,57,0
5,13,5353,5353,1,-0.6224999671929786,-0.4617521117255673,-0.4027468500557719,9,57,0
14,5,443,59537,0,-0.5578244594612406,0.5249567517042651,-0.3871301558748286,9,57,0
5,10,59537,443,0,-0.2499326057524035,0.3406975442185154,-0.3749989603945657,9,57,0
14,5,443,59537,0,-0.6425402653633763,0.5249567517042651,-0.3871301558748286,9,57,0
14,5,443,59537,0,0.6746538780182167,0.5249567517042651,-0.3871301558748286,9,57,0
14,5,443,59537,0,0.6746538780182167,0.5249567517042651,-0.3871301558748286,9,57,0
14,5,443,59537,0,0.6746538780182167,0.5249567517042651,-0.3871301558748286,9,57,0
14,5,443,59537,0,-0.4858615705766307,0.5249567517042651,-0.3871301558748286,9,57,0
5,10,59537,443,0,-0.6480058012280302,0.3406975442185154,-0.3749989603945657,9,57,0
5,10,59537,443,0,0.6637228062889089,0.3406975442185154,-0.3749989603945657,9,57,0
5,10,59537,443,0,0.6637228062889089,0.3406975442185154,-0.3749989603945657,9,57,0
5,10,59537,443,0,0.6637228062889089,0.3406975442185154,-0.3749989603945657,9,57,0
5,10,59537,443,0,0.6637228062889089,0.3406975442185154,-0.3749989603945657,9,57,0
5,10,59537,443,0,0.6637228062889089,0.3406975442185154,-0.3749989603945657,9,57,0
5,10,59537,443,0,0.6637228062889089,0.3406975442185154,-0.3749989603945657,9,57,0
5,10,59537,443,0,0.6637228062889089,0.3406975442185154,-0.3749989603945657,9,57,0
5,10,59537,443,0,0.6637228062889089,0.3406975442185154,-0.3749989603945657,9,57,0
5,10,59537,443,0,0.6637228062889089,0.3406975442185154,-0.3749989603945657,9,57,0
5,10,59537,443,0,0.6637228062889089,0.3406975442185154,-0.3749989603945657,9,57,0
14,5,443,59537,0,-0.6425402653633763,0.5249567517042651,-0.3871301558748286,9,57,0
14,5,443,59537,0,-0.6425402653633763,0.5249567517042651,-0.3871301558748286,9,57,0
14,5,443,59537,0,-0.6425402653633763,0.5249567517042651,-0.3871301558748286,9,57,0
14,5,443,59537,0,-0.6425402653633763,0.5249567517042651,-0.3871301558748286,9,57,0
5,10,59537,443,0,0.6637228062889089,0.3406975442185154,-0.3749989603945657,9,57,0
5,10,59537,443,0,0.6637228062889089,0.3406975442185154,-0.3749989603945657,9,57,0
5,10,59537,443,0,0.6637228062889089,0.3406975442185154,-0.3749989603945657,9,57,0
5,10,59537,443,0,0.6637228062889089,0.3406975442185154,-0.3749989603945657,9,57,0
5,10,59537,443,0,0.6637228062889089,0.3406975442185154,-0.3749989603945657,9,57,0
5,10,59537,443,0,0.2510748485075385,0.3406975442185154,-0.3749989603945657,9,57,0
14,5,443,59537,0,-0.5541807688848047,0.5249567517042651,-0.3871301558748286,9,57,0
5,10,59537,443,0,-0.6480058012280302,0.3406975442185154,-0.3749989603945657,9,57,0
5,15,51249,443,1,-0.5915285972932731,0.1383745287233077,-0.4179841764554091,9,57,0
14,5,443,59537,0,-0.6425402653633763,0.5249567517042651,-0.3871301558748286,9,57,0
14,5,443,59537,0,-0.6425402653633763,0.5249567517042651,-0.3871301558748286,9,57,0
14,5,443,59537,0,-0.222604926429134,0.5249567517042651,-0.3871301558748286,9,57,0
5,10,59537,443,0,-0.6480058012280302,0.3406975442185154,-0.3749989603945657,9,57,0
5,10,59537,443,0,-0.6261436577694145,0.3406975442185154,-0.3749989603945657,9,57,0
5,10,59537,443,0,-0.6480058012280302,0.3406975442185154,-0.3749989603945657,9,57,0
17,5,443,51249,1,-0.6161235086842157,0.1382967178875515,-0.4179838682709651,9,57,0
14,5,443,59537,0,-0.6480058012280302,0.5249567517042651,-0.3871301558748286,9,57,0
5,14,54244,1900,1,-0.534140470714407,0.4383987186430587,-0.4189086298350165,9,57,0
5,11,59538,443,0,-0.6370747294987223,-0.7941788925675176,0.7922781926603847,9,57,0
15,5,443,59538,0,-0.6334310389222865,-0.7974473974428906,-0.1005073777244714,9,57,0
5,11,59538,443,0,-0.6480058012280302,-0.7941788925675176,0.7922781926603847,9,57,0
5,11,59538,443,0,0.6600791157124729,-0.7941788925675176,0.7922781926603847,9,57,0
5,11,59538,443,0,-0.3136971908400325,-0.7941788925675176,0.7922781926603847,9,57,0
15,5,443,59538,0,-0.6388965747869403,-0.7974473974428906,-0.1005073777244714,9,57,0
15,5,443,59538,0,0.6637228062889089,-0.7974473974428906,-0.1005073777244714,9,57,0
15,5,443,59538,0,0.6637228062889089,-0.7974473974428906,-0.1005073777244714,9,57,0
15,5,443,59538,0,-0.0823228392363502,-0.7974473974428906,-0.1005073777244714,9,57,0
5,11,59538,443,0,-0.6480058012280302,-0.7941788925675176,0.7922781926603847,9,57,0
5,11,59538,443,0,-0.5897067520050551,-0.7941788925675176,0.7922781926603847,9,57,0
5,11,59538,443,0,-0.5642009179700035,-0.7941788925675176,0.7922781926603847,9,57,0
5,11,59538,443,0,0.0133240383950932,-0.7941788925675176,0.7922781926603847,9,57,0
5,11,59538,443,0,0.6600791157124729,-0.7941788925675176,0.7922781926603847,9,57,0
5,11,59538,443,0,0.6600791157124729,-0.7941788925675176,0.7922781926603847,9,57,0
5,11,59538,443,0,0.6600791157124729,-0.7941788925675176,0.7922781926603847,9,57,0
5,11,59538,443,0,0.6600791157124729,-0.7941788925675176,0.7922781926603847,9,57,0
5,11,59538,443,0,0.6600791157124729,-0.7941788925675176,0.7922781926603847,9,57,0
5,11,59538,443,0,0.6600791157124729,-0.7941788925675176,0.7922781926603847,9,57,0
5,11,59538,443,0,0.6600791157124729,-0.7941788925675176,0.7922781926603847,9,57,0
5,11,59538,443,0,0.6600791157124729,-0.7941788925675176,0.7922781926603847,9,57,0
5,11,59538,443,0,0.6600791157124729,-0.7941788925675176,0.7922781926603847,9,57,0
5,11,59538,443,0,0.6600791157124729,-0.7941788925675176,0.7922781926603847,9,57,0
15,5,443,59538,0,-0.5723992217669844,-0.7974473974428906,-0.1005073777244714,9,57,0
15,5,443,59538,0,-0.5723992217669844,-0.7974473974428906,-0.1005073777244714,9,57,0
15,5,443,59538,0,-0.6388965747869403,-0.7974473974428906,-0.1005073777244714,9,57,0
15,5,443,59538,0,-0.5860630614286192,-0.7974473974428906,-0.1005073777244714,9,57,0
5,11,59538,443,0,0.6600791157124729,-0.7941788925675176,0.7922781926603847,9,57,0
5,11,59538,443,0,0.6600791157124729,-0.7941788925675176,0.7922781926603847,9,57,0
5,11,59538,443,0,0.6600791157124729,-0.7941788925675176,0.7922781926603847,9,57,0
5,11,59538,443,0,0.6600791157124729,-0.7941788925675176,0.7922781926603847,9,57,0
5,11,59538,443,0,0.6600791157124729,-0.7941788925675176,0.7922781926603847,9,57,0
5,11,59538,443,0,0.6600791157124729,-0.7941788925675176,0.7922781926603847,9,57,0
5,11,59538,443,0,0.6600791157124729,-0.7941788925675176,0.7922781926603847,9,57,0
5,11,59538,443,0,0.6600791157124729,-0.7941788925675176,0.7922781926603847,9,57,0
5,11,59538,443,0,0.6600791157124729,-0.7941788925675176,0.7922781926603847,9,57,0
5,11,59538,443,0,0.6600791157124729,-0.7941788925675176,0.7922781926603847,9,57,0
5,11,59538,443,0,0.6600791157124729,-0.7941788925675176,0.7922781926603847,9,57,0
5,11,59538,443,0,0.6600791157124729,-0.7941788925675176,0.7922781926603847,9,57,0
5,11,59538,443,0,0.6600791157124729,-0.7941788925675176,0.7922781926603847,9,57,0
5,11,59538,443,0,0.6600791157124729,-0.7941788925675176,0.7922781926603847,9,57,0
5,11,59538,443,0,0.6600791157124729,-0.7941788925675176,0.7922781926603847,9,57,0
5,11,59538,443,0,0.6600791157124729,-0.7941788925675176,0.7922781926603847,9,57,0
5,11,59538,443,0,0.6600791157124729,-0.7941788925675176,0.7922781926603847,9,57,0
5,11,59538,443,0,0.6600791157124729,-0.7941788925675176,0.7922781926603847,9,57,0
5,11,59538,443,0,0.6600791157124729,-0.7941788925675176,0.7922781926603847,9,57,0
15,5,443,59538,0,-0.6388965747869403,-0.7974473974428906,-0.1005073777244714,9,57,0
15,5,443,59538,0,-0.6388965747869403,-0.7974473974428906,-0.1005073777244714,9,57,0
15,5,443,59538,0,-0.6006378237343629,-0.7974473974428906,-0.1005073777244714,9,57,0
15,5,443,59538,0,-0.6006378237343629,-0.7974473974428906,-0.1005073777244714,9,57,0
5,11,59538,443,0,0.6600791157124729,-0.7941788925675176,0.7922781926603847,9,57,0
5,11,59538,443,0,0.6600791157124729,-0.7941788925675176,0.7922781926603847,9,57,0
5,11,59538,443,0,0.6600791157124729,-0.7941788925675176,0.7922781926603847,9,57,0
5,11,59538,443,0,0.6600791157124729,-0.7941788925675176,0.7922781926603847,9,57,0
5,11,59538,443,0,0.6600791157124729,-0.7941788925675176,0.7922781926603847,9,57,0
5,11,59538,443,0,0.6600791157124729,-0.7941788925675176,0.7922781926603847,9,57,0
5,11,59538,443,0,0.6600791157124729,-0.7941788925675176,0.7922781926603847,9,57,0
5,11,59538,443,0,0.6600791157124729,-0.7941788925675176,0.7922781926603847,9,57,0
5,11,59538,443,0,0.6600791157124729,-0.7941788925675176,0.7922781926603847,9,57,0
5,11,59538,443,0,0.6600791157124729,-0.7941788925675176,0.7922781926603847,9,57,0
5,11,59538,443,0,0.6600791157124729,-0.7941788925675176,0.7922781926603847,9,57,0
5,11,59538,443,0,0.6600791157124729,-0.7941788925675176,0.7922781926603847,9,57,0
5,11,59538,443,0,0.6600791157124729,-0.7941788925675176,0.7922781926603847,9,57,0
5,11,59538,443,0,0.6600791157124729,-0.7941788925675176,0.7922781926603847,9,57,0
5,11,59538,443,0,0.6600791157124729,-0.7941788925675176,0.7922781926603847,9,57,0
5,11,59538,443,0,0.6600791157124729,-0.7941788925675176,0.7922781926603847,9,57,0
5,11,59538,443,0,0.3549200299359628,-0.7941788925675176,0.7922781926603847,9,57,0
5,11,59538,443,0,0.6600791157124729,-0.7941788925675176,0.7922781926603847,9,57,0
5,11,59538,443,0,0.6600791157124729,-0.7941788925675176,0.7922781926603847,9,57,0
5,11,59538,443,0,0.6600791157124729,-0.7941788925675176,0.7922781926603847,9,57,0
5,11,59538,443,0,0.6600791157124729,-0.7941788925675176,0.7922781926603847,9,57,0
5,11,59538,443,0,0.6600791157124729,-0.7941788925675176,0.7922781926603847,9,57,0
5,11,59538,443,0,0.6600791157124729,-0.7941788925675176,0.7922781926603847,9,57,0
5,11,59538,443,0,0.6600791157124729,-0.7941788925675176,0.7922781926603847,9,57,0
5,11,59538,443,0,0.6600791157124729,-0.7941788925675176,0.7922781926603847,9,57,0
5,11,59538,443,0,0.6600791157124729,-0.7941788925675176,0.7922781926603847,9,57,0
5,11,59538,443,0,0.6600791157124729,-0.7941788925675176,0.7922781926603847,9,57,0
5,11,59538,443,0,0.6600791157124729,-0.7941788925675176,0.7922781926603847,9,57,0
5,11,59538,443,0,-0.1242252808653635,-0.7941788925675176,0.7922781926603847,9,57,0
15,5,443,59538,0,-0.6388965747869403,-0.7974473974428906,-0.1005073777244714,9,57,0
15,5,443,59538,0,-0.6006378237343629,-0.7974473974428906,-0.1005073777244714,9,57,0
15,5,443,59538,0,-0.6006378237343629,-0.7974473974428906,-0.1005073777244714,9,57,0
15,5,443,59538,0,-0.6006378237343629,-0.7974473974428906,-0.1005073777244714,9,57,0
9,16,58024,443,0,-0.5195657084086632,-0.7343832892702364,-0.3609156471707995,11,54,2
9,16,58024,443,0,-0.6124798181077797,-0.7343832892702364,-0.3609156471707995,11,54,2
9,16,58024,443,0,1.611993278806363,-0.7343832892702364,-0.3609156471707995,11,54,2
18,8,443,58024,0,-0.6480058012280302,-0.7065139666346594,-0.3691731404766153,11,54,2
18,8,443,58024,0,-0.6124798181077797,-0.7065139666346594,-0.3691731404766153,11,54,2
9,16,58024,443,0,-0.6480058012280302,-0.7343832892702364,-0.3609156471707995,11,54,2
18,8,443,58024,0,-0.6480058012280302,-0.7065139666346594,-0.3691731404766153,11,54,2
12,8,443,58135,0,-0.6480058012280302,-0.3316024694698818,-0.4108537564847534,11,54,2
9,2,58145,443,0,-0.6370747294987223,0.0195956132812048,-0.3939794846522833,11,54,2
18,8,443,58024,0,-0.5578244594612406,-0.7065139666346594,-0.3691731404766153,11,54,2
9,16,58024,443,0,-0.6161235086842157,-0.7343832892702364,-0.3609156471707995,11,54,2
18,8,443,58024,0,-0.6480058012280302,-0.7065139666346594,-0.3691731404766153,11,54,2
2,8,443,58145,0,-0.6370747294987223,-0.1268448293853807,-0.3803796464003972,11,54,2
9,2,58145,443,0,-0.6480058012280302,0.0195956132812048,-0.3939794846522833,11,54,2
9,2,58145,443,0,-0.1770587942236847,0.0195956132812048,-0.3939794846522833,11,54,2
2,8,443,58145,0,0.6600791157124729,-0.1268448293853807,-0.3803796464003972,11,54,2
2,8,443,58145,0,0.6600791157124729,-0.1268448293853807,-0.3803796464003972,11,54,2
2,8,443,58145,0,0.466963515161368,-0.1268448293853807,-0.3803796464003972,11,54,2
2,8,443,58145,0,0.6600791157124729,-0.1268448293853807,-0.3803796464003972,11,54,2
2,8,443,58145,0,-0.5068127913911374,-0.1268448293853807,-0.3803796464003972,11,54,2
9,2,58145,443,0,-0.6480058012280302,0.0195956132812048,-0.3939794846522833,11,54,2
9,2,58145,443,0,-0.5897067520050551,0.0195956132812048,-0.3939794846522833,11,54,2
9,2,58145,443,0,8.001204704586787,0.0195956132812048,-0.3939794846522833,11,54,2
2,8,443,58145,0,-0.5760429123434203,-0.1268448293853807,-0.3803796464003972,11,54,2
2,8,443,58145,0,-0.5760429123434203,-0.1268448293853807,-0.3803796464003972,11,54,2
9,2,58145,443,0,-0.6480058012280302,0.0195956132812048,-0.3939794846522833,11,54,2
2,8,443,58145,0,-0.5660227632582215,-0.1268448293853807,-0.3803796464003972,11,54,2
2,8,443,58145,0,-0.6480058012280302,-0.1268448293853807,-0.3803796464003972,11,54,2
2,8,443,58145,0,-0.6480058012280302,-0.1268448293853807,-0.3803796464003972,11,54,2
9,2,58145,443,0,-0.6480058012280302,0.0195956132812048,-0.3939794846522833,11,54,2
9,2,58145,443,0,-0.6480058012280302,0.0195956132812048,-0.3939794846522833,11,54,2
9,2,58145,443,0,-0.6197671992606516,0.0195956132812048,-0.3939794846522833,11,54,2
12,8,443,58139,0,-0.6480058012280302,-0.3316024694698818,-0.4108537564847534,11,54,2
12,8,443,58138,0,-0.6480058012280302,-0.3316024694698818,-0.4108537564847534,11,54,2
2,8,443,58145,0,-0.2244267717173519,-0.1268448293853807,-0.3803796464003972,11,54,2
9,2,58145,443,0,-0.6480058012280302,0.0195956132812048,-0.3939794846522833,11,54,2
2,8,443,58145,0,-0.6480058012280302,-0.1268448293853807,-0.3803796464003972,11,54,2
2,8,443,58131,0,-0.6261436577694145,-0.1268448293853807,-0.3803796464003972,11,54,2
2,8,443,58131,0,-0.6480058012280302,-0.1268448293853807,-0.3803796464003972,11,54,2
9,2,58131,443,0,-0.6480058012280302,0.0195956132812048,-0.3939794846522833,11,54,2
3,8,443,58133,0,-0.6261436577694145,-0.913177747308376,-0.4221487387598042,11,54,2
3,8,443,58133,0,-0.6480058012280302,-0.913177747308376,-0.4221487387598042,11,54,2
9,3,58133,443,0,-0.6480058012280302,-0.913177747308376,-0.4221487387598042,11,54,2
9,7,58146,7680,0,-0.6370747294987223,2.239567992687672,-0.419370680945432,11,54,2
9,7,58146,7680,0,-0.6370747294987223,2.239567992687672,-0.419370680945432,11,54,2
9,7,58146,7680,0,-0.6370747294987223,2.239567992687672,-0.419370680945432,11,54,2
9,17,58093,443,0,-0.5450715424437148,-0.6757692412650436,-0.3852565899244711,11,54,2
9,17,58093,443,0,1.7677610509489994,-0.6757692412650436,-0.3852565899244711,11,54,2
19,8,443,58093,0,-0.6461839559398123,-0.6810545310394357,-0.3844165804668698,11,54,2
19,8,443,58093,0,-0.5578244594612406,-0.6810545310394357,-0.3844165804668698,11,54,2
9,17,58093,443,0,-0.6161235086842157,-0.6757692412650436,-0.3852565899244711,11,54,2
9,17,58093,443,0,-0.6161235086842157,-0.6757692412650436,-0.3852565899244711,11,54,2
19,8,443,58093,0,-0.6461839559398123,-0.6810545310394357,-0.3844165804668698,11,54,2
19,8,443,58093,0,-0.6370747294987223,-0.6810545310394357,-0.3844165804668698,11,54,2
9,12,58147,443,0,-0.6370747294987223,-0.6135817418720922,-0.3417541343685739,11,55,2
16,8,443,58147,0,-0.6370747294987223,-0.6060673740514156,-0.3437212272472245,11,55,2
9,12,58147,443,0,-0.6480058012280302,-0.6135817418720922,-0.3417541343685739,11,55,2
9,12,58147,443,0,-0.1770587942236847,-0.6135817418720922,-0.3417541343685739,11,55,2
9,7,58146,7680,0,-0.6370747294987223,2.239567992687672,-0.419370680945432,11,55,2
16,8,443,58147,0,-0.5578244594612406,-0.6060673740514156,-0.3437212272472245,11,55,2
9,12,58147,443,0,-0.3401139475191931,-0.6135817418720922,-0.3417541343685739,11,55,2
16,8,443,58147,0,0.6746538780182167,-0.6060673740514156,-0.3437212272472245,11,55,2
16,8,443,58147,0,0.6746538780182167,-0.6060673740514156,-0.3437212272472245,11,55,2
9,12,58147,443,0,-0.6480058012280302,-0.6135817418720922,-0.3417541343685739,11,55,2
16,8,443,58147,0,0.6746538780182167,-0.6060673740514156,-0.3437212272472245,11,55,2
16,8,443,58147,0,-0.6015487463784719,-0.6060673740514156,-0.3437212272472245,11,55,2
9,12,58147,443,0,-0.6480058012280302,-0.6135817418720922,-0.3417541343685739,11,55,2
9,12,58147,443,0,-0.0677480769306064,-0.6135817418720922,-0.3417541343685739,11,55,2
16,8,443,58147,0,-0.5541807688848047,-0.6060673740514156,-0.3437212272472245,11,55,2
16,8,443,58147,0,-0.2608636774817113,-0.6060673740514156,-0.3437212272472245,11,55,2
9,12,58147,443,0,-0.6480058012280302,-0.6135817418720922,-0.3417541343685739,11,55,2
16,8,443,58147,0,-0.6234108898370876,-0.6060673740514156,-0.3437212272472245,11,55,2
9,12,58147,443,0,-0.6480058012280302,-0.6135817418720922,-0.3417541343685739,11,55,2
9,12,58147,443,0,-0.6261436577694145,-0.6135817418720922,-0.3417541343685739,11,55,2
9,12,58147,443,0,-0.6480058012280302,-0.6135817418720922,-0.3417541343685739,11,55,2
16,8,443,58147,0,-0.6480058012280302,-0.6060673740514156,-0.3437212272472245,11,55,2
16,8,443,58147,0,-0.6480058012280302,-0.6060673740514156,-0.3437212272472245,11,55,2
9,18,58049,443,0,-0.6470948785839212,-0.913177747308376,-0.4221487387598042,11,55,2
20,8,443,58049,0,-0.6370747294987223,-0.913177747308376,-0.4221487387598042,11,55,2
10,13,5353,5353,1,-0.5860630614286192,0.8832338214146881,-0.4184920697819581,11,55,2
10,13,5353,5353,1,-0.4630885044739061,0.8832338214146881,-0.4184920697819581,11,55,2
15,8,443,58114,0,-0.6088361275313439,-0.0279701955938569,0.0626720088888978,11,55,2
15,8,443,58114,0,-0.6224999671929786,-0.0279701955938569,0.0626720088888978,11,55,2
9,11,58114,443,0,-0.6480058012280302,-0.0354535290349545,-0.2525115499076932,11,55,2
15,8,443,58114,0,-0.6443621106515942,-0.0279701955938569,0.0626720088888978,11,55,2
9,11,58114,443,0,-0.6480058012280302,-0.0354535290349545,-0.2525115499076932,11,55,2
9,11,58114,443,0,-0.596994133157927,-0.0354535290349545,-0.2525115499076932,11,55,2
9,11,58114,443,0,-0.6480058012280302,-0.0354535290349545,-0.2525115499076932,11,55,2
15,8,443,58114,0,-0.6443621106515942,-0.0279701955938569,0.0626720088888978,11,55,2
15,8,443,58114,0,-0.6443621106515942,-0.0279701955938569,0.0626720088888978,11,55,2
15,8,443,58114,0,-0.6443621106515942,-0.0279701955938569,0.0626720088888978,11,55,2
15,8,443,58114,0,-0.6443621106515942,-0.0279701955938569,0.0626720088888978,11,55,2
9,11,58119,443,0,-0.4548902006769252,-0.0354535290349545,-0.2525115499076932,11,55,2
9,11,58119,443,0,-0.6124798181077797,-0.0354535290349545,-0.2525115499076932,11,55,2
9,11,58119,443,0,1.601062207077055,-0.0354535290349545,-0.2525115499076932,11,55,2
9,11,58119,443,0,-0.5805975255639653,-0.0354535290349545,-0.2525115499076932,11,55,2
9,11,58119,443,0,12.432843368177002,-0.0354535290349545,-0.2525115499076932,11,55,2
15,8,443,58119,0,-0.6443621106515942,-0.0279701955938569,0.0626720088888978,11,55,2
15,8,443,58119,0,-0.6443621106515942,-0.0279701955938569,0.0626720088888978,11,55,2
15,8,443,58119,0,-0.6088361275313439,-0.0279701955938569,0.0626720088888978,11,55,2
15,8,443,58119,0,-0.6443621106515942,-0.0279701955938569,0.0626720088888978,11,55,2
15,8,443,58119,0,-0.6443621106515942,-0.0279701955938569,0.0626720088888978,11,55,2
15,8,443,58119,0,-0.6006378237343629,-0.0279701955938569,0.0626720088888978,11,55,2
9,11,58119,443,0,0.9415542127421496,-0.0354535290349545,-0.2525115499076932,11,55,2
9,11,58119,443,0,-0.5805975255639653,-0.0354535290349545,-0.2525115499076932,11,55,2
9,11,58119,443,0,1.968164032652976,-0.0354535290349545,-0.2525115499076932,11,55,2
15,8,443,58119,0,-0.6443621106515942,-0.0279701955938569,0.0626720088888978,11,55,2
15,8,443,58119,0,-0.6443621106515942,-0.0279701955938569,0.0626720088888978,11,55,2
9,11,58119,443,0,1.968164032652976,-0.0354535290349545,-0.2525115499076932,11,55,2
15,8,443,58119,0,-0.6443621106515942,-0.0279701955938569,0.0626720088888978,11,55,2
15,8,443,58119,0,-0.6443621106515942,-0.0279701955938569,0.0626720088888978,11,55,2
9,11,58119,443,0,4.584333866533982,-0.0354535290349545,-0.2525115499076932,11,55,2
15,8,443,58119,0,-0.6443621106515942,-0.0279701955938569,0.0626720088888978,11,55,2
15,8,443,58119,0,-0.6443621106515942,-0.0279701955938569,0.0626720088888978,11,55,2
9,11,58119,443,0,0.4505669075674063,-0.0354535290349545,-0.2525115499076932,11,55,2
9,11,58119,443,0,-0.5815084482080742,-0.0354535290349545,-0.2525115499076932,11,55,2
9,11,58119,443,0,0.3394343449861101,-0.0354535290349545,-0.2525115499076932,11,55,2
15,8,443,58119,0,-0.6443621106515942,-0.0279701955938569,0.0626720088888978,11,55,2
15,8,443,58119,0,-0.6443621106515942,-0.0279701955938569,0.0626720088888978,11,55,2
15,8,443,58119,0,-0.6006378237343629,-0.0279701955938569,0.0626720088888978,11,55,2
15,8,443,58119,0,-0.6443621106515942,-0.0279701955938569,0.0626720088888978,11,55,2
15,8,443,58119,0,-0.6443621106515942,-0.0279701955938569,0.0626720088888978,11,55,2
15,8,443,58119,0,-0.6443621106515942,-0.0279701955938569,0.0626720088888978,11,55,2
15,8,443,58119,0,-0.6443621106515942,-0.0279701955938569,0.0626720088888978,11,55,2
15,8,443,58119,0,-0.6443621106515942,-0.0279701955938569,0.0626720088888978,11,55,2
15,8,443,58119,0,-0.6443621106515942,-0.0279701955938569,0.0626720088888978,11,55,2
15,8,443,58119,0,-0.6443621106515942,-0.0279701955938569,0.0626720088888978,11,55,2
15,8,443,58119,0,-0.6443621106515942,-0.0279701955938569,0.0626720088888978,11,55,2
15,8,443,58119,0,-0.6443621106515942,-0.0279701955938569,0.0626720088888978,11,55,2
15,8,443,58119,0,-0.6006378237343629,-0.0279701955938569,0.0626720088888978,11,55,2
9,11,58119,443,0,-0.6480058012280302,-0.0354535290349545,-0.2525115499076932,11,55,2
9,11,58119,443,0,-0.5815084482080742,-0.0354535290349545,-0.2525115499076932,11,55,2
9,11,58119,443,0,0.466963515161368,-0.0354535290349545,-0.2525115499076932,11,55,2
15,8,443,58119,0,-0.6443621106515942,-0.0279701955938569,0.0626720088888978,11,55,2
15,8,443,58119,0,-0.6443621106515942,-0.0279701955938569,0.0626720088888978,11,55,2
15,8,443,58119,0,-0.6006378237343629,-0.0279701955938569,0.0626720088888978,11,55,2
9,11,58119,443,0,-0.5815084482080742,-0.0354535290349545,-0.2525115499076932,11,55,2
9,11,58119,443,0,2.5256486908476754,-0.0354535290349545,-0.2525115499076932,11,55,2
9,11,58119,443,0,-0.5815084482080742,-0.0354535290349545,-0.2525115499076932,11,55,2
9,11,58119,443,0,-0.3118753455518145,-0.0354535290349545,-0.2525115499076932,11,55,2
15,8,443,58119,0,-0.6443621106515942,-0.0279701955938569,0.0626720088888978,11,55,2
15,8,443,58119,0,-0.6443621106515942,-0.0279701955938569,0.0626720088888978,11,55,2
15,8,443,58119,0,-0.6006378237343629,-0.0279701955938569,0.0626720088888978,11,55,2
15,8,443,58119,0,-0.6443621106515942,-0.0279701955938569,0.0626720088888978,11,55,2
15,8,443,58119,0,-0.6443621106515942,-0.0279701955938569,0.0626720088888978,11,55,2
15,8,443,58119,0,-0.6443621106515942,-0.0279701955938569,0.0626720088888978,11,55,2
15,8,443,58119,0,-0.6006378237343629,-0.0279701955938569,0.0626720088888978,11,55,2
9,11,58119,443,0,-0.6480058012280302,-0.0354535290349545,-0.2525115499076932,11,55,2
9,11,58119,443,0,-0.5815084482080742,-0.0354535290349545,-0.2525115499076932,11,55,2
9,11,58119,443,0,0.4150409244471558,-0.0354535290349545,-0.2525115499076932,11,55,2
15,8,443,58119,0,-0.6443621106515942,-0.0279701955938569,0.0626720088888978,11,55,2
15,8,443,58119,0,-0.6006378237343629,-0.0279701955938569,0.0626720088888978,11,55,2
15,8,443,58119,0,-0.6443621106515942,-0.0279701955938569,0.0626720088888978,11,55,2
15,8,443,58119,0,-0.6443621106515942,-0.0279701955938569,0.0626720088888978,11,55,2
15,8,443,58119,0,-0.6006378237343629,-0.0279701955938569,0.0626720088888978,11,55,2
9,11,58119,443,0,-0.6480058012280302,-0.0354535290349545,-0.2525115499076932,11,55,2
15,8,443,58119,0,0.466052592517259,-0.0279701955938569,0.0626720088888978,11,55,2
9,11,58119,443,0,-0.6161235086842157,-0.0354535290349545,-0.2525115499076932,11,55,2
9,11,58119,443,0,-0.5815084482080742,-0.0354535290349545,-0.2525115499076932,11,55,2
9,11,58119,443,0,1.8779826908861867,-0.0354535290349545,-0.2525115499076932,11,55,2
15,8,443,58119,0,0.405020775361957,-0.0279701955938569,0.0626720088888978,11,55,2
9,11,58119,443,0,-0.6480058012280302,-0.0354535290349545,-0.2525115499076932,11,55,2
9,11,58119,443,0,-0.5815084482080742,-0.0354535290349545,-0.2525115499076932,11,55,2
9,11,58119,443,0,2.5156285417624766,-0.0354535290349545,-0.2525115499076932,11,55,2
15,8,443,58119,0,-0.6443621106515942,-0.0279701955938569,0.0626720088888978,11,55,2
15,8,443,58119,0,-0.6443621106515942,-0.0279701955938569,0.0626720088888978,11,55,2
15,8,443,58119,0,-0.6443621106515942,-0.0279701955938569,0.0626720088888978,11,55,2
15,8,443,58119,0,-0.6006378237343629,-0.0279701955938569,0.0626720088888978,11,55,2
15,8,443,58119,0,-0.6443621106515942,-0.0279701955938569,0.0626720088888978,11,55,2
15,8,443,58119,0,-0.6443621106515942,-0.0279701955938569,0.0626720088888978,11,55,2
15,8,443,58119,0,-0.6443621106515942,-0.0279701955938569,0.0626720088888978,11,55,2
15,8,443,58119,0,-0.6006378237343629,-0.0279701955938569,0.0626720088888978,11,55,2
9,11,58119,443,0,-0.6480058012280302,-0.0354535290349545,-0.2525115499076932,11,55,2
15,8,443,58119,0,0.404109852717848,-0.0279701955938569,0.0626720088888978,11,55,2
15,8,443,58119,0,0.5653431607251385,-0.0279701955938569,0.0626720088888978,11,55,2
9,11,58119,443,0,-0.6480058012280302,-0.0354535290349545,-0.2525115499076932,11,55,2
9,11,58119,443,0,-0.5815084482080742,-0.0354535290349545,-0.2525115499076932,11,55,2
9,11,58119,443,0,1.148333652954889,-0.0354535290349545,-0.2525115499076932,11,55,2
15,8,443,58119,0,0.403198930073739,-0.0279701955938569,0.0626720088888978,11,55,2
9,11,58119,443,0,-0.5815084482080742,-0.0354535290349545,-0.2525115499076932,11,55,2
9,11,58119,443,0,2.7816179538423,-0.0354535290349545,-0.2525115499076932,11,55,2
15,8,443,58119,0,-0.6443621106515942,-0.0279701955938569,0.0626720088888978,11,55,2
15,8,443,58119,0,-0.6443621106515942,-0.0279701955938569,0.0626720088888978,11,55,2
15,8,443,58119,0,-0.6443621106515942,-0.0279701955938569,0.0626720088888978,11,55,2
15,8,443,58119,0,-0.6006378237343629,-0.0279701955938569,0.0626720088888978,11,55,2
9,11,58119,443,0,-0.5815084482080742,-0.0354535290349545,-0.2525115499076932,11,55,2
9,11,58119,443,0,0.7976284349729298,-0.0354535290349545,-0.2525115499076932,11,55,2
15,8,443,58119,0,0.405931698006066,-0.0279701955938569,0.0626720088888978,11,55,2
9,11,58119,443,0,-0.6480058012280302,-0.0354535290349545,-0.2525115499076932,11,55,2
15,8,443,58119,0,-0.6443621106515942,-0.0279701955938569,0.0626720088888978,11,55,2
9,11,58119,443,0,-0.5815084482080742,-0.0354535290349545,-0.2525115499076932,11,55,2
9,11,58119,443,0,0.4423686037704254,-0.0354535290349545,-0.2525115499076932,11,55,2
15,8,443,58119,0,-0.6443621106515942,-0.0279701955938569,0.0626720088888978,11,55,2
15,8,443,58119,0,-0.6006378237343629,-0.0279701955938569,0.0626720088888978,11,55,2
15,8,443,58119,0,-0.6443621106515942,-0.0279701955938569,0.0626720088888978,11,55,2
15,8,443,58119,0,-0.6006378237343629,-0.0279701955938569,0.0626720088888978,11,55,2
9,11,58119,443,0,-0.6480058012280302,-0.0354535290349545,-0.2525115499076932,11,55,2
15,8,443,58119,0,-0.6443621106515942,-0.0279701955938569,0.0626720088888978,11,55,2
15,8,443,58119,0,-0.6443621106515942,-0.0279701955938569,0.0626720088888978,11,55,2
15,8,443,58119,0,-0.6006378237343629,-0.0279701955938569,0.0626720088888978,11,55,2
9,11,58119,443,0,-0.6480058012280302,-0.0354535290349545,-0.2525115499076932,11,55,2
15,8,443,58119,0,0.6637228062889089,-0.0279701955938569,0.0626720088888978,11,55,2
15,8,443,58119,0,0.6637228062889089,-0.0279701955938569,0.0626720088888978,11,55,2
15,8,443,58119,0,0.6637228062889089,-0.0279701955938569,0.0626720088888978,11,55,2
15,8,443,58119,0,0.6637228062889089,-0.0279701955938569,0.0626720088888978,11,55,2
15,8,443,58119,0,0.6637228062889089,-0.0279701955938569,0.0626720088888978,11,55,2
15,8,443,58119,0,0.6637228062889089,-0.0279701955938569,0.0626720088888978,11,55,2
15,8,443,58119,0,0.6637228062889089,-0.0279701955938569,0.0626720088888978,11,55,2
15,8,443,58119,0,0.6637228062889089,-0.0279701955938569,0.0626720088888978,11,55,2
15,8,443,58119,0,0.6637228062889089,-0.0279701955938569,0.0626720088888978,11,55,2
15,8,443,58119,0,0.6637228062889089,-0.0279701955938569,0.0626720088888978,11,55,2
9,11,58119,443,0,-0.6480058012280302,-0.0354535290349545,-0.2525115499076932,11,55,2
9,11,58119,443,0,-0.5815084482080742,-0.0354535290349545,-0.2525115499076932,11,55,2
9,11,58119,443,0,0.1882211860640184,-0.0354535290349545,-0.2525115499076932,11,55,2
15,8,443,58119,0,0.6637228062889089,-0.0279701955938569,0.0626720088888978,11,55,2
15,8,443,58119,0,0.6637228062889089,-0.0279701955938569,0.0626720088888978,11,55,2
15,8,443,58119,0,0.6637228062889089,-0.0279701955938569,0.0626720088888978,11,55,2
15,8,443,58119,0,0.6637228062889089,-0.0279701955938569,0.0626720088888978,11,55,2
15,8,443,58119,0,-0.6425402653633763,-0.0279701955938569,0.0626720088888978,11,55,2
15,8,443,58119,0,0.6637228062889089,-0.0279701955938569,0.0626720088888978,11,55,2
15,8,443,58119,0,0.6637228062889089,-0.0279701955938569,0.0626720088888978,11,55,2
15,8,443,58119,0,0.6637228062889089,-0.0279701955938569,0.0626720088888978,11,55,2
15,8,443,58119,0,0.6637228062889089,-0.0279701955938569,0.0626720088888978,11,55,2
9,11,58119,443,0,-0.6480058012280302,-0.0354535290349545,-0.2525115499076932,11,55,2
15,8,443,58119,0,0.6637228062889089,-0.0279701955938569,0.0626720088888978,11,55,2
15,8,443,58119,0,0.6637228062889089,-0.0279701955938569,0.0626720088888978,11,55,2
15,8,443,58119,0,0.6637228062889089,-0.0279701955938569,0.0626720088888978,11,55,2
15,8,443,58119,0,0.6637228062889089,-0.0279701955938569,0.0626720088888978,11,55,2
15,8,443,58119,0,0.6637228062889089,-0.0279701955938569,0.0626720088888978,11,55,2
15,8,443,58119,0,0.6637228062889089,-0.0279701955938569,0.0626720088888978,11,55,2
15,8,443,58119,0,0.6637228062889089,-0.0279701955938569,0.0626720088888978,11,55,2
15,8,443,58119,0,0.6637228062889089,-0.0279701955938569,0.0626720088888978,11,55,2
9,11,58119,443,0,-0.6480058012280302,-0.0354535290349545,-0.2525115499076932,11,55,2
15,8,443,58119,0,0.6637228062889089,-0.0279701955938569,0.0626720088888978,11,55,2
15,8,443,58119,0,0.6637228062889089,-0.0279701955938569,0.0626720088888978,11,55,2
15,8,443,58119,0,0.6637228062889089,-0.0279701955938569,0.0626720088888978,11,55,2
15,8,443,58119,0,0.6637228062889089,-0.0279701955938569,0.0626720088888978,11,55,2
9,11,58119,443,0,-0.6480058012280302,-0.0354535290349545,-0.2525115499076932,11,55,2
9,11,58119,443,0,-0.5815084482080742,-0.0354535290349545,-0.2525115499076932,11,55,2
9,11,58119,443,0,1.105520288681767,-0.0354535290349545,-0.2525115499076932,11,55,2
15,8,443,58119,0,0.6637228062889089,-0.0279701955938569,0.0626720088888978,11,55,2
15,8,443,58119,0,0.6637228062889089,-0.0279701955938569,0.0626720088888978,11,55,2
15,8,443,58119,0,0.6637228062889089,-0.0279701955938569,0.0626720088888978,11,55,2
15,8,443,58119,0,0.6637228062889089,-0.0279701955938569,0.0626720088888978,11,55,2
15,8,443,58119,0,0.6637228062889089,-0.0279701955938569,0.0626720088888978,11,55,2
15,8,443,58119,0,0.6637228062889089,-0.0279701955938569,0.0626720088888978,11,55,2
15,8,443,58119,0,0.6637228062889089,-0.0279701955938569,0.0626720088888978,11,55,2
15,8,443,58119,0,0.6637228062889089,-0.0279701955938569,0.0626720088888978,11,55,2
15,8,443,58119,0,0.6637228062889089,-0.0279701955938569,0.0626720088888978,11,55,2
15,8,443,58119,0,0.6637228062889089,-0.0279701955938569,0.0626720088888978,11,55,2
15,8,443,58119,0,0.6637228062889089,-0.0279701955938569,0.0626720088888978,11,55,2
15,8,443,58119,0,0.6637228062889089,-0.0279701955938569,0.0626720088888978,11,55,2
15,8,443,58119,0,0.6637228062889089,-0.0279701955938569,0.0626720088888978,11,55,2
15,8,443,58119,0,0.6637228062889089,-0.0279701955938569,0.0626720088888978,11,55,2
15,8,443,58119,0,0.6637228062889089,-0.0279701955938569,0.0626720088888978,11,55,2
15,8,443,58119,0,0.6637228062889089,-0.0279701955938569,0.0626720088888978,11,55,2
15,8,443,58119,0,0.6637228062889089,-0.0279701955938569,0.0626720088888978,11,55,2
9,11,58119,443,0,-0.6480058012280302,-0.0354535290349545,-0.2525115499076932,11,55,2
15,8,443,58119,0,0.6637228062889089,-0.0279701955938569,0.0626720088888978,11,55,2
15,8,443,58119,0,0.6637228062889089,-0.0279701955938569,0.0626720088888978,11,55,2
15,8,443,58119,0,0.6637228062889089,-0.0279701955938569,0.0626720088888978,11,55,2
15,8,443,58119,0,0.6637228062889089,-0.0279701955938569,0.0626720088888978,11,55,2
15,8,443,58119,0,0.6637228062889089,-0.0279701955938569,0.0626720088888978,11,55,2
15,8,443,58119,0,0.6637228062889089,-0.0279701955938569,0.0626720088888978,11,55,2
15,8,443,58119,0,0.6637228062889089,-0.0279701955938569,0.0626720088888978,11,55,2
15,8,443,58119,0,0.6637228062889089,-0.0279701955938569,0.0626720088888978,11,55,2
15,8,443,58119,0,0.6637228062889089,-0.0279701955938569,0.0626720088888978,11,55,2
15,8,443,58119,0,0.6637228062889089,-0.0279701955938569,0.0626720088888978,11,55,2
15,8,443,58119,0,0.6637228062889089,-0.0279701955938569,0.0626720088888978,11,55,2
15,8,443,58119,0,0.6637228062889089,-0.0279701955938569,0.0626720088888978,11,55,2
15,8,443,58119,0,0.6637228062889089,-0.0279701955938569,0.0626720088888978,11,55,2
15,8,443,58119,0,0.6637228062889089,-0.0279701955938569,0.0626720088888978,11,55,2
15,8,443,58119,0,0.6637228062889089,-0.0279701955938569,0.0626720088888978,11,55,2
15,8,443,58119,0,0.6637228062889089,-0.0279701955938569,0.0626720088888978,11,55,2
15,8,443,58119,0,0.6637228062889089,-0.0279701955938569,0.0626720088888978,11,55,2
15,8,443,58119,0,-0.5386950839349519,-0.0279701955938569,0.0626720088888978,11,55,2
9,11,58119,443,0,-0.6480058012280302,-0.0354535290349545,-0.2525115499076932,11,55,2
9,11,58119,443,0,-0.5815084482080742,-0.0354535290349545,-0.2525115499076932,11,55,2
9,11,58119,443,0,8.350088077280528,-0.0354535290349545,-0.2525115499076932,11,55,2
15,8,443,58119,0,0.6154439061511326,-0.0279701955938569,0.0626720088888978,11,55,2
15,8,443,58119,0,-0.6425402653633763,-0.0279701955938569,0.0626720088888978,11,55,2
15,8,443,58119,0,-0.6334310389222865,-0.0279701955938569,0.0626720088888978,11,55,2
15,8,443,58119,0,-0.6425402653633763,-0.0279701955938569,0.0626720088888978,11,55,2
15,8,443,58119,0,-0.6006378237343629,-0.0279701955938569,0.0626720088888978,11,55,2
9,11,58119,443,0,-0.6480058012280302,-0.0354535290349545,-0.2525115499076932,11,55,2
15,8,443,58119,0,0.405020775361957,-0.0279701955938569,0.0626720088888978,11,55,2
9,11,58119,443,0,-0.6480058012280302,-0.0354535290349545,-0.2525115499076932,11,55,2
15,8,443,58119,0,0.5161533379432532,-0.0279701955938569,0.0626720088888978,11,55,2
9,11,58119,443,0,-0.6480058012280302,-0.0354535290349545,-0.2525115499076932,11,55,2
15,8,443,58119,0,-0.6425402653633763,-0.0279701955938569,0.0626720088888978,11,55,2
15,8,443,58119,0,-0.6425402653633763,-0.0279701955938569,0.0626720088888978,11,55,2
15,8,443,58119,0,-0.6425402653633763,-0.0279701955938569,0.0626720088888978,11,55,2
15,8,443,58119,0,-0.6006378237343629,-0.0279701955938569,0.0626720088888978,11,55,2
15,8,443,58119,0,0.6637228062889089,-0.0279701955938569,0.0626720088888978,11,55,2
15,8,443,58119,0,0.6637228062889089,-0.0279701955938569,0.0626720088888978,11,55,2
15,8,443,58119,0,0.6637228062889089,-0.0279701955938569,0.0626720088888978,11,55,2
15,8,443,58119,0,0.6637228062889089,-0.0279701955938569,0.0626720088888978,11,55,2
15,8,443,58119,0,0.6637228062889089,-0.0279701955938569,0.0626720088888978,11,55,2
15,8,443,58119,0,0.6637228062889089,-0.0279701955938569,0.0626720088888978,11,55,2
15,8,443,58119,0,0.6637228062889089,-0.0279701955938569,0.0626720088888978,11,55,2
15,8,443,58119,0,0.6637228062889089,-0.0279701955938569,0.0626720088888978,11,55,2
15,8,443,58119,0,0.6637228062889089,-0.0279701955938569,0.0626720088888978,11,55,2
15,8,443,58119,0,0.6637228062889089,-0.0279701955938569,0.0626720088888978,11,55,2
15,8,443,58119,0,0.6637228062889089,-0.0279701955938569,0.0626720088888978,11,55,2
15,8,443,58119,0,0.6637228062889089,-0.0279701955938569,0.0626720088888978,11,55,2
15,8,443,58119,0,0.6637228062889089,-0.0279701955938569,0.0626720088888978,11,55,2
15,8,443,58119,0,0.6637228062889089,-0.0279701955938569,0.0626720088888978,11,55,2
15,8,443,58119,0,0.6637228062889089,-0.0279701955938569,0.0626720088888978,11,55,2
15,8,443,58119,0,0.6637228062889089,-0.0279701955938569,0.0626720088888978,11,55,2
15,8,443,58119,0,0.6637228062889089,-0.0279701955938569,0.0626720088888978,11,55,2
15,8,443,58119,0,0.6637228062889089,-0.0279701955938569,0.0626720088888978,11,55,2
15,8,443,58119,0,0.6637228062889089,-0.0279701955938569,0.0626720088888978,11,55,2
15,8,443,58119,0,0.6637228062889089,-0.0279701955938569,0.0626720088888978,11,55,2
15,8,443,58119,0,0.6637228062889089,-0.0279701955938569,0.0626720088888978,11,55,2
15,8,443,58119,0,0.6637228062889089,-0.0279701955938569,0.0626720088888978,11,55,2
15,8,443,58119,0,0.6637228062889089,-0.0279701955938569,0.0626720088888978,11,55,2
15,8,443,58119,0,0.6637228062889089,-0.0279701955938569,0.0626720088888978,11,55,2
15,8,443,58119,0,0.6637228062889089,-0.0279701955938569,0.0626720088888978,11,55,2
15,8,443,58119,0,0.6637228062889089,-0.0279701955938569,0.0626720088888978,11,55,2
15,8,443,58119,0,0.152695202943768,-0.0279701955938569,0.0626720088888978,11,55,2
9,11,58119,443,0,-0.6480058012280302,-0.0354535290349545,-0.2525115499076932,11,55,2
15,8,443,58119,0,0.405020775361957,-0.0279701955938569,0.0626720088888978,11,55,2
10,13,5353,5353,1,-0.4630885044739061,0.8832338214146881,-0.4184920697819581,11,55,2
9,11,58119,443,0,-0.6480058012280302,-0.0354535290349545,-0.2525115499076932,11,55,2
15,8,443,58119,0,0.5161533379432532,-0.0279701955938569,0.0626720088888978,11,55,2
9,11,58119,443,0,-0.6480058012280302,-0.0354535290349545,-0.2525115499076932,11,55,2
15,8,443,58119,0,0.6637228062889089,-0.0279701955938569,0.0626720088888978,11,55,2
15,8,443,58119,0,0.6637228062889089,-0.0279701955938569,0.0626720088888978,11,55,2
15,8,443,58119,0,0.6637228062889089,-0.0279701955938569,0.0626720088888978,11,55,2
15,8,443,58119,0,0.6637228062889089,-0.0279701955938569,0.0626720088888978,11,55,2
15,8,443,58119,0,0.6637228062889089,-0.0279701955938569,0.0626720088888978,11,55,2
15,8,443,58119,0,0.6637228062889089,-0.0279701955938569,0.0626720088888978,11,55,2
15,8,443,58119,0,0.6637228062889089,-0.0279701955938569,0.0626720088888978,11,55,2
15,8,443,58119,0,0.6637228062889089,-0.0279701955938569,0.0626720088888978,11,55,2
15,8,443,58119,0,0.6637228062889089,-0.0279701955938569,0.0626720088888978,11,55,2
15,8,443,58119,0,-0.4284734439977647,-0.0279701955938569,0.0626720088888978,11,55,2
9,11,58119,443,0,-0.6480058012280302,-0.0354535290349545,-0.2525115499076932,11,55,2
15,8,443,58096,0,-0.6088361275313439,-0.0279701955938569,0.0626720088888978,11,55,2
15,8,443,58096,0,-0.6224999671929786,-0.0279701955938569,0.0626720088888978,11,55,2
15,8,443,58096,0,-0.6443621106515942,-0.0279701955938569,0.0626720088888978,11,55,2
9,11,58096,443,0,-0.6480058012280302,-0.0354535290349545,-0.2525115499076932,11,55,2
9,11,58096,443,0,-0.6480058012280302,-0.0354535290349545,-0.2525115499076932,11,55,2
15,8,443,58119,0,0.6637228062889089,-0.0279701955938569,0.0626720088888978,11,55,2
15,8,443,58119,0,0.6637228062889089,-0.0279701955938569,0.0626720088888978,11,55,2
15,8,443,58119,0,0.6637228062889089,-0.0279701955938569,0.0626720088888978,11,55,2
15,8,443,58119,0,0.6637228062889089,-0.0279701955938569,0.0626720088888978,11,55,2
21,8,443,58233,0,-0.2244267717173519,4.228625697534312,-0.4183161054093118,12,8,2
9,19,58233,443,0,-0.6480058012280302,4.10592610547206,-0.4182224108848662,12,8,2
9,19,58233,443,0,-0.6261436577694145,4.10592610547206,-0.4182224108848662,12,8,2
9,19,58233,443,0,-0.6480058012280302,4.10592610547206,-0.4182224108848662,12,8,2
11,13,5353,5353,1,-0.4831288026443038,4.337480807889001,-0.419229601620455,12,8,2
21,8,443,58233,0,-0.6480058012280302,4.228625697534312,-0.4183161054093118,12,8,2
21,8,443,58233,0,-0.6480058012280302,4.228625697534312,-0.4183161054093118,12,8,2
9,19,58232,443,0,-0.5414278518672789,4.10592610547206,-0.4182224108848662,12,8,2
9,19,58232,443,0,1.5892202127036383,4.10592610547206,-0.4182224108848662,12,8,2
21,8,443,58232,0,-0.6480058012280302,4.228625697534312,-0.4183161054093118,12,8,2
21,8,443,58232,0,-0.5578244594612406,4.228625697534312,-0.4183161054093118,12,8,2
9,19,58232,443,0,-0.6161235086842157,4.10592610547206,-0.4182224108848662,12,8,2
21,8,443,58232,0,-0.6480058012280302,4.228625697534312,-0.4183161054093118,12,8,2
8,13,5353,5353,1,-0.5232093989850992,-0.5900320450550212,-0.3950448352306841,12,8,2
8,13,5353,5353,1,-0.5232093989850992,-0.5900320450550212,-0.3950448352306841,12,8,2
8,13,5353,5353,1,-0.5232093989850992,-0.5900320450550212,-0.3950448352306841,12,8,2
8,13,5353,5353,1,-0.2380906113789867,-0.5900320450550212,-0.3950448352306841,12,8,2
11,13,5353,5353,1,-0.6061033595990168,4.337480807889001,-0.419229601620455,12,8,2
11,13,5353,5353,1,-0.4831288026443038,4.337480807889001,-0.419229601620455,12,8,2
11,13,5353,5353,1,-0.6061033595990168,4.337480807889001,-0.419229601620455,12,8,2
11,13,5353,5353,1,-0.4831288026443038,4.337480807889001,-0.419229601620455,12,8,2
11,13,5353,5353,1,-0.6061033595990168,4.337480807889001,-0.419229601620455,12,8,2
9,19,58232,443,0,-0.5405169292231699,4.10592610547206,-0.4182224108848662,12,8,2
9,19,58232,443,0,1.7686719735931085,4.10592610547206,-0.4182224108848662,12,8,2
21,8,443,58232,0,-0.6480058012280302,4.228625697534312,-0.4183161054093118,12,8,2
21,8,443,58232,0,-0.5578244594612406,4.228625697534312,-0.4183161054093118,12,8,2
9,19,58232,443,0,-0.6161235086842157,4.10592610547206,-0.4182224108848662,12,8,2
21,8,443,58232,0,-0.6480058012280302,4.228625697534312,-0.4183161054093118,12,8,2
11,13,5353,5353,1,-0.4831288026443038,4.337480807889001,-0.419229601620455,12,8,2
13,6,443,53193,0,-0.5541807688848047,-0.7914222300683899,-0.3322297135457225,10,27,2
13,6,443,53193,0,-0.6425402653633763,-0.7914222300683899,-0.3322297135457225,10,27,2
13,6,443,53193,0,-0.6425402653633763,-0.7914222300683899,-0.3322297135457225,10,27,2
13,6,443,53193,0,-0.2235158490732429,-0.7914222300683899,-0.3322297135457225,10,27,2
7,9,53193,443,0,-0.6480058012280302,-0.9126811972351117,12.806894631649303,10,27,2
7,9,53193,443,0,-0.6261436577694145,-0.9126811972351117,12.806894631649303,10,27,2
7,9,53193,443,0,-0.6480058012280302,-0.9126811972351117,12.806894631649303,10,27,2
6,6,55988,161,1,-0.5878849067168371,-0.913177747308376,-0.4221487387598042,10,27,2
13,6,443,53193,0,-0.6480058012280302,-0.7914222300683899,-0.3322297135457225,10,27,2
7,4,53094,53,0,-0.6470948785839212,-0.5842146730916147,-0.3888679899987992,10,27,2
7,4,53095,53,0,-0.6470948785839212,-0.5842146730916147,-0.3888679899987992,10,27,2
4,6,53,53095,0,-0.6370747294987223,-0.5850490031513116,-0.3887833673328641,10,27,2
4,6,53,53094,0,-0.6370747294987223,-0.5850490031513116,-0.3887833673328641,10,27,2
7,1,53194,443,0,-0.6370747294987223,-0.3039611820581679,-0.3610478604070594,10,27,2
1,6,443,53194,0,-0.6370747294987223,-0.4688639321589508,-0.358083304975054,10,27,2
7,1,53194,443,0,-0.6480058012280302,-0.3039611820581679,-0.3610478604070594,10,27,2
7,1,53194,443,0,-0.1770587942236847,-0.3039611820581679,-0.3610478604070594,10,27,2
1,6,443,53194,0,0.6600791157124729,-0.4688639321589508,-0.358083304975054,10,27,2
1,6,443,53194,0,0.6600791157124729,-0.4688639321589508,-0.358083304975054,10,27,2
1,6,443,53194,0,0.466963515161368,-0.4688639321589508,-0.358083304975054,10,27,2
7,1,53194,443,0,-0.6480058012280302,-0.3039611820581679,-0.3610478604070594,10,27,2
1,6,443,53194,0,0.6600791157124729,-0.4688639321589508,-0.358083304975054,10,27,2
1,6,443,53194,0,-0.5068127913911374,-0.4688639321589508,-0.358083304975054,10,27,2
7,1,53194,443,0,-0.6480058012280302,-0.3039611820581679,-0.3610478604070594,10,27,2
7,1,53194,443,0,-0.5897067520050551,-0.3039611820581679,-0.3610478604070594,10,27,2
7,1,53194,443,0,0.6600791157124729,-0.3039611820581679,-0.3610478604070594,10,27,2
7,1,53194,443,0,0.6600791157124729,-0.3039611820581679,-0.3610478604070594,10,27,2
7,1,53194,443,0,0.6600791157124729,-0.3039611820581679,-0.3610478604070594,10,27,2
7,1,53194,443,0,0.6600791157124729,-0.3039611820581679,-0.3610478604070594,10,27,2
7,1,53194,443,0,0.6600791157124729,-0.3039611820581679,-0.3610478604070594,10,27,2
7,1,53194,443,0,0.6600791157124729,-0.3039611820581679,-0.3610478604070594,10,27,2
7,1,53194,443,0,0.6600791157124729,-0.3039611820581679,-0.3610478604070594,10,27,2
7,1,53194,443,0,-0.2872804341608719,-0.3039611820581679,-0.3610478604070594,10,27,2
7,4,53108,53,0,-0.6470948785839212,-0.5842146730916147,-0.3888679899987992,10,27,2
7,4,53107,53,0,-0.6470948785839212,-0.5842146730916147,-0.3888679899987992,10,27,2
7,4,53106,53,0,-0.6470948785839212,-0.5842146730916147,-0.3888679899987992,10,27,2
4,6,53,53108,0,-0.6370747294987223,-0.5850490031513116,-0.3887833673328641,10,27,2
4,6,53,53106,0,-0.6370747294987223,-0.5850490031513116,-0.3887833673328641,10,27,2
4,6,53,53107,0,-0.6370747294987223,-0.5850490031513116,-0.3887833673328641,10,27,2
1,6,443,53194,0,-0.5760429123434203,-0.4688639321589508,-0.358083304975054,10,27,2
1,6,443,53194,0,-0.5760429123434203,-0.4688639321589508,-0.358083304975054,10,27,2
7,1,53194,443,0,-0.6480058012280302,-0.3039611820581679,-0.3610478604070594,10,27,2
1,6,443,53194,0,-0.6425402653633763,-0.4688639321589508,-0.358083304975054,10,27,2
1,6,443,53194,0,-0.6425402653633763,-0.4688639321589508,-0.358083304975054,10,27,2
1,6,443,53194,0,-0.6425402653633763,-0.4688639321589508,-0.358083304975054,10,27,2
1,6,443,53194,0,-0.5660227632582215,-0.4688639321589508,-0.358083304975054,10,27,2
7,1,53194,443,0,-0.6197671992606516,-0.3039611820581679,-0.3610478604070594,10,27,2
1,6,443,53194,0,-0.2253376943614609,-0.4688639321589508,-0.358083304975054,10,27,2
7,1,53194,443,0,-0.6480058012280302,-0.3039611820581679,-0.3610478604070594,10,27,2
