src_ip,dst_ip,src_port,dst_port,protocol,packet_size,timestamp,flow_duration,packet_rate
14,5,443,59532,0,-0.6480058012280302,2025-06-16 09:57:14.077548981,0.5249567517042651,-0.38713015587482863
14,5,443,59536,0,-0.5541807688848047,2025-06-16 09:57:14.204519033,0.5249567517042651,-0.38713015587482863
14,5,443,59536,0,-0.6425402653633763,2025-06-16 09:57:14.204519033,0.5249567517042651,-0.38713015587482863
14,5,443,59536,0,-0.6425402653633763,2025-06-16 09:57:14.204519033,0.5249567517042651,-0.38713015587482863
14,5,443,59536,0,-0.6370747294987223,2025-06-16 09:57:14.204519033,0.5249567517042651,-0.38713015587482863
14,5,443,59536,0,-0.6425402653633763,2025-06-16 09:57:14.204519033,0.5249567517042651,-0.38713015587482863
5,10,59536,443,0,-0.6480058012280302,2025-06-16 09:57:14.204642057,0.34069754421851545,-0.37499896039456576
14,5,443,59536,0,-0.24173430195542267,2025-06-16 09:57:14.206093073,0.5249567517042651,-0.38713015587482863
5,10,59536,443,0,-0.6480058012280302,2025-06-16 09:57:14.206156015,0.34069754421851545,-0.37499896039456576
5,14,54244,1900,1,-0.534140470714407,2025-06-16 09:57:14.456330061,0.4383987186430587,-0.4189086298350165
5,0,59526,443,0,-0.6480058012280302,2025-06-16 09:57:14.504411936,-0.8960080892496876,-0.16709095281593916
0,5,443,59526,0,-0.6425402653633763,2025-06-16 09:57:14.542454958,-0.9131777473083761,-0.42214873875980424
0,5,443,59526,0,-0.6480058012280302,2025-06-16 09:57:14.542454958,-0.9131777473083761,-0.42214873875980424
5,0,59526,443,0,-0.6480058012280302,2025-06-16 09:57:14.542586088,-0.8960080892496876,-0.16709095281593916
5,15,51249,443,1,-0.6270545804135236,2025-06-16 09:57:14.623301983,0.13837452872330774,-0.41798417645540914
17,5,443,51249,1,-0.6279655030576325,2025-06-16 09:57:14.673501968,0.13829671788755155,-0.4179838682709651
5,13,5353,5353,1,-0.6224999671929786,2025-06-16 09:57:15.004611969,-0.4617521117255673,-0.40274685005577193
5,13,5353,5353,1,-0.6224999671929786,2025-06-16 09:57:15.005244970,-0.4617521117255673,-0.40274685005577193
5,10,59537,443,0,-0.6370747294987223,2025-06-16 09:57:15.525791883,0.34069754421851545,-0.37499896039456576
14,5,443,59537,0,-0.6370747294987223,2025-06-16 09:57:15.796374083,0.5249567517042651,-0.38713015587482863
5,10,59537,443,0,-0.6480058012280302,2025-06-16 09:57:15.796547890,0.34069754421851545,-0.37499896039456576
5,10,59537,443,0,-0.1770587942236847,2025-06-16 09:57:15.797281981,0.34069754421851545,-0.37499896039456576
5,13,5353,5353,1,-0.6224999671929786,2025-06-16 09:57:16.007129908,-0.4617521117255673,-0.40274685005577193
5,13,5353,5353,1,-0.6224999671929786,2025-06-16 09:57:16.008285046,-0.4617521117255673,-0.40274685005577193
14,5,443,59537,0,-0.5578244594612406,2025-06-16 09:57:16.094873905,0.5249567517042651,-0.38713015587482863
5,10,59537,443,0,-0.24993260575240353,2025-06-16 09:57:16.095901012,0.34069754421851545,-0.37499896039456576
14,5,443,59537,0,-0.6425402653633763,2025-06-16 09:57:16.416125059,0.5249567517042651,-0.38713015587482863
14,5,443,59537,0,0.6746538780182167,2025-06-16 09:57:16.443887949,0.5249567517042651,-0.38713015587482863
14,5,443,59537,0,0.6746538780182167,2025-06-16 09:57:16.443887949,0.5249567517042651,-0.38713015587482863
14,5,443,59537,0,0.6746538780182167,2025-06-16 09:57:16.443887949,0.5249567517042651,-0.38713015587482863
14,5,443,59537,0,-0.48586157057663076,2025-06-16 09:57:16.443887949,0.5249567517042651,-0.38713015587482863
5,10,59537,443,0,-0.6480058012280302,2025-06-16 09:57:16.444037914,0.34069754421851545,-0.37499896039456576
5,10,59537,443,0,0.6637228062889089,2025-06-16 09:57:16.445744038,0.34069754421851545,-0.37499896039456576
5,10,59537,443,0,0.6637228062889089,2025-06-16 09:57:16.445744038,0.34069754421851545,-0.37499896039456576
5,10,59537,443,0,0.6637228062889089,2025-06-16 09:57:16.445744038,0.34069754421851545,-0.37499896039456576
5,10,59537,443,0,0.6637228062889089,2025-06-16 09:57:16.445744038,0.34069754421851545,-0.37499896039456576
5,10,59537,443,0,0.6637228062889089,2025-06-16 09:57:16.445744038,0.34069754421851545,-0.37499896039456576
5,10,59537,443,0,0.6637228062889089,2025-06-16 09:57:16.445744038,0.34069754421851545,-0.37499896039456576
5,10,59537,443,0,0.6637228062889089,2025-06-16 09:57:16.445744038,0.34069754421851545,-0.37499896039456576
5,10,59537,443,0,0.6637228062889089,2025-06-16 09:57:16.445744038,0.34069754421851545,-0.37499896039456576
5,10,59537,443,0,0.6637228062889089,2025-06-16 09:57:16.445744038,0.34069754421851545,-0.37499896039456576
5,10,59537,443,0,0.6637228062889089,2025-06-16 09:57:16.445744038,0.34069754421851545,-0.37499896039456576
14,5,443,59537,0,-0.6425402653633763,2025-06-16 09:57:16.718189955,0.5249567517042651,-0.38713015587482863
14,5,443,59537,0,-0.6425402653633763,2025-06-16 09:57:16.718189955,0.5249567517042651,-0.38713015587482863
14,5,443,59537,0,-0.6425402653633763,2025-06-16 09:57:16.718189955,0.5249567517042651,-0.38713015587482863
14,5,443,59537,0,-0.6425402653633763,2025-06-16 09:57:16.718189955,0.5249567517042651,-0.38713015587482863
5,10,59537,443,0,0.6637228062889089,2025-06-16 09:57:16.718278885,0.34069754421851545,-0.37499896039456576
5,10,59537,443,0,0.6637228062889089,2025-06-16 09:57:16.718278885,0.34069754421851545,-0.37499896039456576
5,10,59537,443,0,0.6637228062889089,2025-06-16 09:57:16.718278885,0.34069754421851545,-0.37499896039456576
5,10,59537,443,0,0.6637228062889089,2025-06-16 09:57:16.718278885,0.34069754421851545,-0.37499896039456576
5,10,59537,443,0,0.6637228062889089,2025-06-16 09:57:16.718278885,0.34069754421851545,-0.37499896039456576
5,10,59537,443,0,0.2510748485075385,2025-06-16 09:57:16.718278885,0.34069754421851545,-0.37499896039456576
14,5,443,59537,0,-0.5541807688848047,2025-06-16 09:57:16.718537092,0.5249567517042651,-0.38713015587482863
5,10,59537,443,0,-0.6480058012280302,2025-06-16 09:57:16.761607885,0.34069754421851545,-0.37499896039456576
5,15,51249,443,1,-0.5915285972932731,2025-06-16 09:57:16.961261034,0.13837452872330774,-0.41798417645540914
14,5,443,59537,0,-0.6425402653633763,2025-06-16 09:57:16.989473104,0.5249567517042651,-0.38713015587482863
14,5,443,59537,0,-0.6425402653633763,2025-06-16 09:57:16.989473104,0.5249567517042651,-0.38713015587482863
14,5,443,59537,0,-0.222604926429134,2025-06-16 09:57:16.991775990,0.5249567517042651,-0.38713015587482863
5,10,59537,443,0,-0.6480058012280302,2025-06-16 09:57:16.991883039,0.34069754421851545,-0.37499896039456576
5,10,59537,443,0,-0.6261436577694145,2025-06-16 09:57:16.992336988,0.34069754421851545,-0.37499896039456576
5,10,59537,443,0,-0.6480058012280302,2025-06-16 09:57:16.992434978,0.34069754421851545,-0.37499896039456576
17,5,443,51249,1,-0.6161235086842157,2025-06-16 09:57:17.011288881,0.13829671788755155,-0.4179838682709651
14,5,443,59537,0,-0.6480058012280302,2025-06-16 09:57:17.275012016,0.5249567517042651,-0.38713015587482863
5,14,54244,1900,1,-0.534140470714407,2025-06-16 09:57:17.461345911,0.4383987186430587,-0.4189086298350165
5,11,59538,443,0,-0.6370747294987223,2025-06-16 09:57:17.632323027,-0.7941788925675176,0.7922781926603847
15,5,443,59538,0,-0.6334310389222865,2025-06-16 09:57:17.691307068,-0.7974473974428906,-0.10050737772447149
5,11,59538,443,0,-0.6480058012280302,2025-06-16 09:57:17.691442013,-0.7941788925675176,0.7922781926603847
5,11,59538,443,0,0.6600791157124729,2025-06-16 09:57:17.692023993,-0.7941788925675176,0.7922781926603847
5,11,59538,443,0,-0.3136971908400325,2025-06-16 09:57:17.692023993,-0.7941788925675176,0.7922781926603847
15,5,443,59538,0,-0.6388965747869403,2025-06-16 09:57:17.772171021,-0.7974473974428906,-0.10050737772447149
15,5,443,59538,0,0.6637228062889089,2025-06-16 09:57:17.772171021,-0.7974473974428906,-0.10050737772447149
15,5,443,59538,0,0.6637228062889089,2025-06-16 09:57:17.772171021,-0.7974473974428906,-0.10050737772447149
15,5,443,59538,0,-0.08232283923635021,2025-06-16 09:57:17.772171021,-0.7974473974428906,-0.10050737772447149
5,11,59538,443,0,-0.6480058012280302,2025-06-16 09:57:17.772291899,-0.7941788925675176,0.7922781926603847
5,11,59538,443,0,-0.5897067520050551,2025-06-16 09:57:17.772876978,-0.7941788925675176,0.7922781926603847
5,11,59538,443,0,-0.5642009179700035,2025-06-16 09:57:17.773056030,-0.7941788925675176,0.7922781926603847
5,11,59538,443,0,0.013324038395093265,2025-06-16 09:57:17.773231030,-0.7941788925675176,0.7922781926603847
5,11,59538,443,0,0.6600791157124729,2025-06-16 09:57:17.773329020,-0.7941788925675176,0.7922781926603847
5,11,59538,443,0,0.6600791157124729,2025-06-16 09:57:17.773329020,-0.7941788925675176,0.7922781926603847
5,11,59538,443,0,0.6600791157124729,2025-06-16 09:57:17.773329020,-0.7941788925675176,0.7922781926603847
5,11,59538,443,0,0.6600791157124729,2025-06-16 09:57:17.773329020,-0.7941788925675176,0.7922781926603847
5,11,59538,443,0,0.6600791157124729,2025-06-16 09:57:17.773329020,-0.7941788925675176,0.7922781926603847
5,11,59538,443,0,0.6600791157124729,2025-06-16 09:57:17.773329020,-0.7941788925675176,0.7922781926603847
5,11,59538,443,0,0.6600791157124729,2025-06-16 09:57:17.773329020,-0.7941788925675176,0.7922781926603847
5,11,59538,443,0,0.6600791157124729,2025-06-16 09:57:17.773329020,-0.7941788925675176,0.7922781926603847
5,11,59538,443,0,0.6600791157124729,2025-06-16 09:57:17.773329020,-0.7941788925675176,0.7922781926603847
5,11,59538,443,0,0.6600791157124729,2025-06-16 09:57:17.773329020,-0.7941788925675176,0.7922781926603847
15,5,443,59538,0,-0.5723992217669844,2025-06-16 09:57:17.834640026,-0.7974473974428906,-0.10050737772447149
15,5,443,59538,0,-0.5723992217669844,2025-06-16 09:57:17.834640026,-0.7974473974428906,-0.10050737772447149
15,5,443,59538,0,-0.6388965747869403,2025-06-16 09:57:17.834640026,-0.7974473974428906,-0.10050737772447149
15,5,443,59538,0,-0.5860630614286192,2025-06-16 09:57:17.834640026,-0.7974473974428906,-0.10050737772447149
5,11,59538,443,0,0.6600791157124729,2025-06-16 09:57:17.834820986,-0.7941788925675176,0.7922781926603847
5,11,59538,443,0,0.6600791157124729,2025-06-16 09:57:17.834820986,-0.7941788925675176,0.7922781926603847
5,11,59538,443,0,0.6600791157124729,2025-06-16 09:57:17.834820986,-0.7941788925675176,0.7922781926603847
5,11,59538,443,0,0.6600791157124729,2025-06-16 09:57:17.834820986,-0.7941788925675176,0.7922781926603847
5,11,59538,443,0,0.6600791157124729,2025-06-16 09:57:17.834820986,-0.7941788925675176,0.7922781926603847
5,11,59538,443,0,0.6600791157124729,2025-06-16 09:57:17.834820986,-0.7941788925675176,0.7922781926603847
5,11,59538,443,0,0.6600791157124729,2025-06-16 09:57:17.834820986,-0.7941788925675176,0.7922781926603847
5,11,59538,443,0,0.6600791157124729,2025-06-16 09:57:17.834820986,-0.7941788925675176,0.7922781926603847
5,11,59538,443,0,0.6600791157124729,2025-06-16 09:57:17.834820986,-0.7941788925675176,0.7922781926603847
5,11,59538,443,0,0.6600791157124729,2025-06-16 09:57:17.834820986,-0.7941788925675176,0.7922781926603847
5,11,59538,443,0,0.6600791157124729,2025-06-16 09:57:17.834820986,-0.7941788925675176,0.7922781926603847
5,11,59538,443,0,0.6600791157124729,2025-06-16 09:57:17.834820986,-0.7941788925675176,0.7922781926603847
5,11,59538,443,0,0.6600791157124729,2025-06-16 09:57:17.834820986,-0.7941788925675176,0.7922781926603847
5,11,59538,443,0,0.6600791157124729,2025-06-16 09:57:17.834820986,-0.7941788925675176,0.7922781926603847
5,11,59538,443,0,0.6600791157124729,2025-06-16 09:57:17.834820986,-0.7941788925675176,0.7922781926603847
5,11,59538,443,0,0.6600791157124729,2025-06-16 09:57:17.834820986,-0.7941788925675176,0.7922781926603847
5,11,59538,443,0,0.6600791157124729,2025-06-16 09:57:17.834820986,-0.7941788925675176,0.7922781926603847
5,11,59538,443,0,0.6600791157124729,2025-06-16 09:57:17.834820986,-0.7941788925675176,0.7922781926603847
5,11,59538,443,0,0.6600791157124729,2025-06-16 09:57:17.834820986,-0.7941788925675176,0.7922781926603847
15,5,443,59538,0,-0.6388965747869403,2025-06-16 09:57:17.896595001,-0.7974473974428906,-0.10050737772447149
15,5,443,59538,0,-0.6388965747869403,2025-06-16 09:57:17.896595001,-0.7974473974428906,-0.10050737772447149
15,5,443,59538,0,-0.6006378237343629,2025-06-16 09:57:17.896595001,-0.7974473974428906,-0.10050737772447149
15,5,443,59538,0,-0.6006378237343629,2025-06-16 09:57:17.896595001,-0.7974473974428906,-0.10050737772447149
5,11,59538,443,0,0.6600791157124729,2025-06-16 09:57:17.896723032,-0.7941788925675176,0.7922781926603847
5,11,59538,443,0,0.6600791157124729,2025-06-16 09:57:17.896723032,-0.7941788925675176,0.7922781926603847
5,11,59538,443,0,0.6600791157124729,2025-06-16 09:57:17.896723032,-0.7941788925675176,0.7922781926603847
5,11,59538,443,0,0.6600791157124729,2025-06-16 09:57:17.896723032,-0.7941788925675176,0.7922781926603847
5,11,59538,443,0,0.6600791157124729,2025-06-16 09:57:17.896723032,-0.7941788925675176,0.7922781926603847
5,11,59538,443,0,0.6600791157124729,2025-06-16 09:57:17.896723032,-0.7941788925675176,0.7922781926603847
5,11,59538,443,0,0.6600791157124729,2025-06-16 09:57:17.896723032,-0.7941788925675176,0.7922781926603847
5,11,59538,443,0,0.6600791157124729,2025-06-16 09:57:17.896723032,-0.7941788925675176,0.7922781926603847
5,11,59538,443,0,0.6600791157124729,2025-06-16 09:57:17.896723032,-0.7941788925675176,0.7922781926603847
5,11,59538,443,0,0.6600791157124729,2025-06-16 09:57:17.896723032,-0.7941788925675176,0.7922781926603847
5,11,59538,443,0,0.6600791157124729,2025-06-16 09:57:17.896723032,-0.7941788925675176,0.7922781926603847
5,11,59538,443,0,0.6600791157124729,2025-06-16 09:57:17.896723032,-0.7941788925675176,0.7922781926603847
5,11,59538,443,0,0.6600791157124729,2025-06-16 09:57:17.896723032,-0.7941788925675176,0.7922781926603847
5,11,59538,443,0,0.6600791157124729,2025-06-16 09:57:17.896723032,-0.7941788925675176,0.7922781926603847
5,11,59538,443,0,0.6600791157124729,2025-06-16 09:57:17.896723032,-0.7941788925675176,0.7922781926603847
5,11,59538,443,0,0.6600791157124729,2025-06-16 09:57:17.896723032,-0.7941788925675176,0.7922781926603847
5,11,59538,443,0,0.35492002993596283,2025-06-16 09:57:17.896723032,-0.7941788925675176,0.7922781926603847
5,11,59538,443,0,0.6600791157124729,2025-06-16 09:57:17.896898031,-0.7941788925675176,0.7922781926603847
5,11,59538,443,0,0.6600791157124729,2025-06-16 09:57:17.896898031,-0.7941788925675176,0.7922781926603847
5,11,59538,443,0,0.6600791157124729,2025-06-16 09:57:17.896898031,-0.7941788925675176,0.7922781926603847
5,11,59538,443,0,0.6600791157124729,2025-06-16 09:57:17.896898031,-0.7941788925675176,0.7922781926603847
5,11,59538,443,0,0.6600791157124729,2025-06-16 09:57:17.896898031,-0.7941788925675176,0.7922781926603847
5,11,59538,443,0,0.6600791157124729,2025-06-16 09:57:17.896898031,-0.7941788925675176,0.7922781926603847
5,11,59538,443,0,0.6600791157124729,2025-06-16 09:57:17.896898031,-0.7941788925675176,0.7922781926603847
5,11,59538,443,0,0.6600791157124729,2025-06-16 09:57:17.896898031,-0.7941788925675176,0.7922781926603847
5,11,59538,443,0,0.6600791157124729,2025-06-16 09:57:17.896898031,-0.7941788925675176,0.7922781926603847
5,11,59538,443,0,0.6600791157124729,2025-06-16 09:57:17.896898031,-0.7941788925675176,0.7922781926603847
5,11,59538,443,0,0.6600791157124729,2025-06-16 09:57:17.896898031,-0.7941788925675176,0.7922781926603847
5,11,59538,443,0,-0.12422528086536354,2025-06-16 09:57:17.896898031,-0.7941788925675176,0.7922781926603847
15,5,443,59538,0,-0.6388965747869403,2025-06-16 09:57:17.948616028,-0.7974473974428906,-0.10050737772447149
15,5,443,59538,0,-0.6006378237343629,2025-06-16 09:57:17.948616028,-0.7974473974428906,-0.10050737772447149
15,5,443,59538,0,-0.6006378237343629,2025-06-16 09:57:17.948616028,-0.7974473974428906,-0.10050737772447149
15,5,443,59538,0,-0.6006378237343629,2025-06-16 09:57:17.948616028,-0.7974473974428906,-0.10050737772447149
9,16,58024,443,0,-0.5195657084086632,2025-06-18 11:54:51.510505915,-0.7343832892702364,-0.3609156471707995
9,16,58024,443,0,-0.6124798181077797,2025-06-18 11:54:51.510693073,-0.7343832892702364,-0.3609156471707995
9,16,58024,443,0,1.611993278806363,2025-06-18 11:54:51.510749102,-0.7343832892702364,-0.3609156471707995
18,8,443,58024,0,-0.6480058012280302,2025-06-18 11:54:51.670789003,-0.7065139666346594,-0.36917314047661537
18,8,443,58024,0,-0.6124798181077797,2025-06-18 11:54:51.671381950,-0.7065139666346594,-0.36917314047661537
9,16,58024,443,0,-0.6480058012280302,2025-06-18 11:54:51.719038010,-0.7343832892702364,-0.3609156471707995
18,8,443,58024,0,-0.6480058012280302,2025-06-18 11:54:51.722021103,-0.7065139666346594,-0.36917314047661537
12,8,443,58135,0,-0.6480058012280302,2025-06-18 11:54:51.824794054,-0.3316024694698818,-0.4108537564847534
9,2,58145,443,0,-0.6370747294987223,2025-06-18 11:54:51.849488974,0.0195956132812048,-0.39397948465228333
18,8,443,58024,0,-0.5578244594612406,2025-06-18 11:54:51.907216072,-0.7065139666346594,-0.36917314047661537
9,16,58024,443,0,-0.6161235086842157,2025-06-18 11:54:51.908027887,-0.7343832892702364,-0.3609156471707995
18,8,443,58024,0,-0.6480058012280302,2025-06-18 11:54:52.130273104,-0.7065139666346594,-0.36917314047661537
2,8,443,58145,0,-0.6370747294987223,2025-06-18 11:54:52.175018072,-0.12684482938538075,-0.3803796464003972
9,2,58145,443,0,-0.6480058012280302,2025-06-18 11:54:52.175147057,0.0195956132812048,-0.39397948465228333
9,2,58145,443,0,-0.1770587942236847,2025-06-18 11:54:52.175801039,0.0195956132812048,-0.39397948465228333
2,8,443,58145,0,0.6600791157124729,2025-06-18 11:54:52.549448967,-0.12684482938538075,-0.3803796464003972
2,8,443,58145,0,0.6600791157124729,2025-06-18 11:54:52.549448967,-0.12684482938538075,-0.3803796464003972
2,8,443,58145,0,0.466963515161368,2025-06-18 11:54:52.549448967,-0.12684482938538075,-0.3803796464003972
2,8,443,58145,0,0.6600791157124729,2025-06-18 11:54:52.549448967,-0.12684482938538075,-0.3803796464003972
2,8,443,58145,0,-0.5068127913911374,2025-06-18 11:54:52.549448967,-0.12684482938538075,-0.3803796464003972
9,2,58145,443,0,-0.6480058012280302,2025-06-18 11:54:52.549663067,0.0195956132812048,-0.39397948465228333
9,2,58145,443,0,-0.5897067520050551,2025-06-18 11:54:52.553778887,0.0195956132812048,-0.39397948465228333
9,2,58145,443,0,8.001204704586787,2025-06-18 11:54:52.554024935,0.0195956132812048,-0.39397948465228333
2,8,443,58145,0,-0.5760429123434203,2025-06-18 11:54:52.866828918,-0.12684482938538075,-0.3803796464003972
2,8,443,58145,0,-0.5760429123434203,2025-06-18 11:54:52.866828918,-0.12684482938538075,-0.3803796464003972
9,2,58145,443,0,-0.6480058012280302,2025-06-18 11:54:52.866950989,0.0195956132812048,-0.39397948465228333
2,8,443,58145,0,-0.5660227632582215,2025-06-18 11:54:52.869311094,-0.12684482938538075,-0.3803796464003972
2,8,443,58145,0,-0.6480058012280302,2025-06-18 11:54:52.869311094,-0.12684482938538075,-0.3803796464003972
2,8,443,58145,0,-0.6480058012280302,2025-06-18 11:54:52.869311094,-0.12684482938538075,-0.3803796464003972
9,2,58145,443,0,-0.6480058012280302,2025-06-18 11:54:52.869389057,0.0195956132812048,-0.39397948465228333
9,2,58145,443,0,-0.6480058012280302,2025-06-18 11:54:52.869443893,0.0195956132812048,-0.39397948465228333
9,2,58145,443,0,-0.6197671992606516,2025-06-18 11:54:52.869817019,0.0195956132812048,-0.39397948465228333
12,8,443,58139,0,-0.6480058012280302,2025-06-18 11:54:52.968837023,-0.3316024694698818,-0.4108537564847534
12,8,443,58138,0,-0.6480058012280302,2025-06-18 11:54:53.117834091,-0.3316024694698818,-0.4108537564847534
2,8,443,58145,0,-0.22442677171735195,2025-06-18 11:54:53.168456078,-0.12684482938538075,-0.3803796464003972
9,2,58145,443,0,-0.6480058012280302,2025-06-18 11:54:53.209502935,0.0195956132812048,-0.39397948465228333
2,8,443,58145,0,-0.6480058012280302,2025-06-18 11:54:53.231640100,-0.12684482938538075,-0.3803796464003972
2,8,443,58131,0,-0.6261436577694145,2025-06-18 11:54:53.922135115,-0.12684482938538075,-0.3803796464003972
2,8,443,58131,0,-0.6480058012280302,2025-06-18 11:54:53.923305035,-0.12684482938538075,-0.3803796464003972
9,2,58131,443,0,-0.6480058012280302,2025-06-18 11:54:53.923362970,0.0195956132812048,-0.39397948465228333
3,8,443,58133,0,-0.6261436577694145,2025-06-18 11:54:54.214091063,-0.9131777473083761,-0.42214873875980424
3,8,443,58133,0,-0.6480058012280302,2025-06-18 11:54:54.214091063,-0.9131777473083761,-0.42214873875980424
9,3,58133,443,0,-0.6480058012280302,2025-06-18 11:54:54.214229107,-0.9131777473083761,-0.42214873875980424
9,7,58146,7680,0,-0.6370747294987223,2025-06-18 11:54:54.981143951,2.2395679926876717,-0.419370680945432
9,7,58146,7680,0,-0.6370747294987223,2025-06-18 11:54:55.984760046,2.2395679926876717,-0.419370680945432
9,7,58146,7680,0,-0.6370747294987223,2025-06-18 11:54:57.987723112,2.2395679926876717,-0.419370680945432
9,17,58093,443,0,-0.5450715424437148,2025-06-18 11:54:58.917327881,-0.6757692412650436,-0.38525658992447115
9,17,58093,443,0,1.7677610509489994,2025-06-18 11:54:58.917475939,-0.6757692412650436,-0.38525658992447115
19,8,443,58093,0,-0.6461839559398123,2025-06-18 11:54:59.081789017,-0.6810545310394357,-0.38441658046686983
19,8,443,58093,0,-0.5578244594612406,2025-06-18 11:54:59.106384993,-0.6810545310394357,-0.38441658046686983
9,17,58093,443,0,-0.6161235086842157,2025-06-18 11:54:59.108000040,-0.6757692412650436,-0.38525658992447115
9,17,58093,443,0,-0.6161235086842157,2025-06-18 11:54:59.445168018,-0.6757692412650436,-0.38525658992447115
19,8,443,58093,0,-0.6461839559398123,2025-06-18 11:54:59.476762056,-0.6810545310394357,-0.38441658046686983
19,8,443,58093,0,-0.6370747294987223,2025-06-18 11:54:59.597878933,-0.6810545310394357,-0.38441658046686983
9,12,58147,443,0,-0.6370747294987223,2025-06-18 11:55:01.680701971,-0.6135817418720922,-0.34175413436857394
16,8,443,58147,0,-0.6370747294987223,2025-06-18 11:55:01.833209991,-0.6060673740514156,-0.34372122724722454
9,12,58147,443,0,-0.6480058012280302,2025-06-18 11:55:01.833359957,-0.6135817418720922,-0.34175413436857394
9,12,58147,443,0,-0.1770587942236847,2025-06-18 11:55:01.833911896,-0.6135817418720922,-0.34175413436857394
9,7,58146,7680,0,-0.6370747294987223,2025-06-18 11:55:01.990772009,2.2395679926876717,-0.419370680945432
16,8,443,58147,0,-0.5578244594612406,2025-06-18 11:55:02.024734020,-0.6060673740514156,-0.34372122724722454
9,12,58147,443,0,-0.3401139475191931,2025-06-18 11:55:02.027363062,-0.6135817418720922,-0.34175413436857394
16,8,443,58147,0,0.6746538780182167,2025-06-18 11:55:02.186471939,-0.6060673740514156,-0.34372122724722454
16,8,443,58147,0,0.6746538780182167,2025-06-18 11:55:02.186471939,-0.6060673740514156,-0.34372122724722454
9,12,58147,443,0,-0.6480058012280302,2025-06-18 11:55:02.186568975,-0.6135817418720922,-0.34175413436857394
16,8,443,58147,0,0.6746538780182167,2025-06-18 11:55:02.187541008,-0.6060673740514156,-0.34372122724722454
16,8,443,58147,0,-0.6015487463784719,2025-06-18 11:55:02.187541008,-0.6060673740514156,-0.34372122724722454
9,12,58147,443,0,-0.6480058012280302,2025-06-18 11:55:02.187589884,-0.6135817418720922,-0.34175413436857394
9,12,58147,443,0,-0.06774807693060644,2025-06-18 11:55:02.188282967,-0.6135817418720922,-0.34175413436857394
16,8,443,58147,0,-0.5541807688848047,2025-06-18 11:55:02.345094919,-0.6060673740514156,-0.34372122724722454
16,8,443,58147,0,-0.26086367748171135,2025-06-18 11:55:02.345443964,-0.6060673740514156,-0.34372122724722454
9,12,58147,443,0,-0.6480058012280302,2025-06-18 11:55:02.345520020,-0.6135817418720922,-0.34175413436857394
16,8,443,58147,0,-0.6234108898370876,2025-06-18 11:55:02.345731020,-0.6060673740514156,-0.34372122724722454
9,12,58147,443,0,-0.6480058012280302,2025-06-18 11:55:02.345803022,-0.6135817418720922,-0.34175413436857394
9,12,58147,443,0,-0.6261436577694145,2025-06-18 11:55:02.346504927,-0.6135817418720922,-0.34175413436857394
9,12,58147,443,0,-0.6480058012280302,2025-06-18 11:55:02.346806049,-0.6135817418720922,-0.34175413436857394
16,8,443,58147,0,-0.6480058012280302,2025-06-18 11:55:02.516021013,-0.6060673740514156,-0.34372122724722454
16,8,443,58147,0,-0.6480058012280302,2025-06-18 11:55:02.516021013,-0.6060673740514156,-0.34372122724722454
9,18,58049,443,0,-0.6470948785839212,2025-06-18 11:55:03.726659060,-0.9131777473083761,-0.42214873875980424
20,8,443,58049,0,-0.6370747294987223,2025-06-18 11:55:03.870428085,-0.9131777473083761,-0.42214873875980424
10,13,5353,5353,1,-0.5860630614286192,2025-06-18 11:55:04.090796947,0.8832338214146881,-0.41849206978195813
10,13,5353,5353,1,-0.46308850447390615,2025-06-18 11:55:05.115216017,0.8832338214146881,-0.41849206978195813
15,8,443,58114,0,-0.6088361275313439,2025-06-18 11:55:06.688983917,-0.027970195593856967,0.06267200888889786
15,8,443,58114,0,-0.6224999671929786,2025-06-18 11:55:06.688983917,-0.027970195593856967,0.06267200888889786
9,11,58114,443,0,-0.6480058012280302,2025-06-18 11:55:06.689114094,-0.03545352903495456,-0.25251154990769326
15,8,443,58114,0,-0.6443621106515942,2025-06-18 11:55:06.689306974,-0.027970195593856967,0.06267200888889786
9,11,58114,443,0,-0.6480058012280302,2025-06-18 11:55:06.689368963,-0.03545352903495456,-0.25251154990769326
9,11,58114,443,0,-0.596994133157927,2025-06-18 11:55:06.690150976,-0.03545352903495456,-0.25251154990769326
9,11,58114,443,0,-0.6480058012280302,2025-06-18 11:55:06.690510035,-0.03545352903495456,-0.25251154990769326
15,8,443,58114,0,-0.6443621106515942,2025-06-18 11:55:06.726402998,-0.027970195593856967,0.06267200888889786
15,8,443,58114,0,-0.6443621106515942,2025-06-18 11:55:06.726402998,-0.027970195593856967,0.06267200888889786
15,8,443,58114,0,-0.6443621106515942,2025-06-18 11:55:06.726402998,-0.027970195593856967,0.06267200888889786
15,8,443,58114,0,-0.6443621106515942,2025-06-18 11:55:06.726402998,-0.027970195593856967,0.06267200888889786
9,11,58119,443,0,-0.45489020067692526,2025-06-18 11:55:07.075536013,-0.03545352903495456,-0.25251154990769326
9,11,58119,443,0,-0.6124798181077797,2025-06-18 11:55:07.075611115,-0.03545352903495456,-0.25251154990769326
9,11,58119,443,0,1.601062207077055,2025-06-18 11:55:07.075629950,-0.03545352903495456,-0.25251154990769326
9,11,58119,443,0,-0.5805975255639653,2025-06-18 11:55:07.099168062,-0.03545352903495456,-0.25251154990769326
9,11,58119,443,0,12.432843368177002,2025-06-18 11:55:07.099355936,-0.03545352903495456,-0.25251154990769326
15,8,443,58119,0,-0.6443621106515942,2025-06-18 11:55:07.116013050,-0.027970195593856967,0.06267200888889786
15,8,443,58119,0,-0.6443621106515942,2025-06-18 11:55:07.116013050,-0.027970195593856967,0.06267200888889786
15,8,443,58119,0,-0.6088361275313439,2025-06-18 11:55:07.116013050,-0.027970195593856967,0.06267200888889786
15,8,443,58119,0,-0.6443621106515942,2025-06-18 11:55:07.116013050,-0.027970195593856967,0.06267200888889786
15,8,443,58119,0,-0.6443621106515942,2025-06-18 11:55:07.116013050,-0.027970195593856967,0.06267200888889786
15,8,443,58119,0,-0.6006378237343629,2025-06-18 11:55:07.116013050,-0.027970195593856967,0.06267200888889786
9,11,58119,443,0,0.9415542127421496,2025-06-18 11:55:07.116116047,-0.03545352903495456,-0.25251154990769326
9,11,58119,443,0,-0.5805975255639653,2025-06-18 11:55:07.129343987,-0.03545352903495456,-0.25251154990769326
9,11,58119,443,0,1.9681640326529761,2025-06-18 11:55:07.129450083,-0.03545352903495456,-0.25251154990769326
15,8,443,58119,0,-0.6443621106515942,2025-06-18 11:55:07.136719942,-0.027970195593856967,0.06267200888889786
15,8,443,58119,0,-0.6443621106515942,2025-06-18 11:55:07.136919975,-0.027970195593856967,0.06267200888889786
9,11,58119,443,0,1.9681640326529761,2025-06-18 11:55:07.136934996,-0.03545352903495456,-0.25251154990769326
15,8,443,58119,0,-0.6443621106515942,2025-06-18 11:55:07.137453079,-0.027970195593856967,0.06267200888889786
15,8,443,58119,0,-0.6443621106515942,2025-06-18 11:55:07.137453079,-0.027970195593856967,0.06267200888889786
9,11,58119,443,0,4.584333866533982,2025-06-18 11:55:07.137464046,-0.03545352903495456,-0.25251154990769326
15,8,443,58119,0,-0.6443621106515942,2025-06-18 11:55:07.137542009,-0.027970195593856967,0.06267200888889786
15,8,443,58119,0,-0.6443621106515942,2025-06-18 11:55:07.137542009,-0.027970195593856967,0.06267200888889786
9,11,58119,443,0,0.4505669075674063,2025-06-18 11:55:07.137548923,-0.03545352903495456,-0.25251154990769326
9,11,58119,443,0,-0.5815084482080742,2025-06-18 11:55:07.154954910,-0.03545352903495456,-0.25251154990769326
9,11,58119,443,0,0.3394343449861101,2025-06-18 11:55:07.155041933,-0.03545352903495456,-0.25251154990769326
15,8,443,58119,0,-0.6443621106515942,2025-06-18 11:55:07.158621073,-0.027970195593856967,0.06267200888889786
15,8,443,58119,0,-0.6443621106515942,2025-06-18 11:55:07.158621073,-0.027970195593856967,0.06267200888889786
15,8,443,58119,0,-0.6006378237343629,2025-06-18 11:55:07.158621073,-0.027970195593856967,0.06267200888889786
15,8,443,58119,0,-0.6443621106515942,2025-06-18 11:55:07.173542023,-0.027970195593856967,0.06267200888889786
15,8,443,58119,0,-0.6443621106515942,2025-06-18 11:55:07.175201893,-0.027970195593856967,0.06267200888889786
15,8,443,58119,0,-0.6443621106515942,2025-06-18 11:55:07.175201893,-0.027970195593856967,0.06267200888889786
15,8,443,58119,0,-0.6443621106515942,2025-06-18 11:55:07.175201893,-0.027970195593856967,0.06267200888889786
15,8,443,58119,0,-0.6443621106515942,2025-06-18 11:55:07.175201893,-0.027970195593856967,0.06267200888889786
15,8,443,58119,0,-0.6443621106515942,2025-06-18 11:55:07.175201893,-0.027970195593856967,0.06267200888889786
15,8,443,58119,0,-0.6443621106515942,2025-06-18 11:55:07.175201893,-0.027970195593856967,0.06267200888889786
15,8,443,58119,0,-0.6443621106515942,2025-06-18 11:55:07.176212072,-0.027970195593856967,0.06267200888889786
15,8,443,58119,0,-0.6443621106515942,2025-06-18 11:55:07.176212072,-0.027970195593856967,0.06267200888889786
15,8,443,58119,0,-0.6006378237343629,2025-06-18 11:55:07.176212072,-0.027970195593856967,0.06267200888889786
9,11,58119,443,0,-0.6480058012280302,2025-06-18 11:55:07.176275015,-0.03545352903495456,-0.25251154990769326
9,11,58119,443,0,-0.5815084482080742,2025-06-18 11:55:07.187282085,-0.03545352903495456,-0.25251154990769326
9,11,58119,443,0,0.466963515161368,2025-06-18 11:55:07.187365055,-0.03545352903495456,-0.25251154990769326
15,8,443,58119,0,-0.6443621106515942,2025-06-18 11:55:07.192780018,-0.027970195593856967,0.06267200888889786
15,8,443,58119,0,-0.6443621106515942,2025-06-18 11:55:07.195194960,-0.027970195593856967,0.06267200888889786
15,8,443,58119,0,-0.6006378237343629,2025-06-18 11:55:07.195194960,-0.027970195593856967,0.06267200888889786
9,11,58119,443,0,-0.5815084482080742,2025-06-18 11:55:07.213097095,-0.03545352903495456,-0.25251154990769326
9,11,58119,443,0,2.5256486908476754,2025-06-18 11:55:07.213177919,-0.03545352903495456,-0.25251154990769326
9,11,58119,443,0,-0.5815084482080742,2025-06-18 11:55:07.239662886,-0.03545352903495456,-0.25251154990769326
9,11,58119,443,0,-0.31187534555181456,2025-06-18 11:55:07.239757061,-0.03545352903495456,-0.25251154990769326
15,8,443,58119,0,-0.6443621106515942,2025-06-18 11:55:07.244677067,-0.027970195593856967,0.06267200888889786
15,8,443,58119,0,-0.6443621106515942,2025-06-18 11:55:07.245676994,-0.027970195593856967,0.06267200888889786
15,8,443,58119,0,-0.6006378237343629,2025-06-18 11:55:07.245915890,-0.027970195593856967,0.06267200888889786
15,8,443,58119,0,-0.6443621106515942,2025-06-18 11:55:07.250416994,-0.027970195593856967,0.06267200888889786
15,8,443,58119,0,-0.6443621106515942,2025-06-18 11:55:07.250847101,-0.027970195593856967,0.06267200888889786
15,8,443,58119,0,-0.6443621106515942,2025-06-18 11:55:07.254034042,-0.027970195593856967,0.06267200888889786
15,8,443,58119,0,-0.6006378237343629,2025-06-18 11:55:07.254034042,-0.027970195593856967,0.06267200888889786
9,11,58119,443,0,-0.6480058012280302,2025-06-18 11:55:07.254107952,-0.03545352903495456,-0.25251154990769326
9,11,58119,443,0,-0.5815084482080742,2025-06-18 11:55:07.269936085,-0.03545352903495456,-0.25251154990769326
9,11,58119,443,0,0.41504092444715585,2025-06-18 11:55:07.270025015,-0.03545352903495456,-0.25251154990769326
15,8,443,58119,0,-0.6443621106515942,2025-06-18 11:55:07.278712034,-0.027970195593856967,0.06267200888889786
15,8,443,58119,0,-0.6006378237343629,2025-06-18 11:55:07.278774023,-0.027970195593856967,0.06267200888889786
15,8,443,58119,0,-0.6443621106515942,2025-06-18 11:55:07.306487083,-0.027970195593856967,0.06267200888889786
15,8,443,58119,0,-0.6443621106515942,2025-06-18 11:55:07.308480978,-0.027970195593856967,0.06267200888889786
15,8,443,58119,0,-0.6006378237343629,2025-06-18 11:55:07.308480978,-0.027970195593856967,0.06267200888889786
9,11,58119,443,0,-0.6480058012280302,2025-06-18 11:55:07.308857918,-0.03545352903495456,-0.25251154990769326
15,8,443,58119,0,0.46605259251725906,2025-06-18 11:55:07.406362057,-0.027970195593856967,0.06267200888889786
9,11,58119,443,0,-0.6161235086842157,2025-06-18 11:55:07.407293081,-0.03545352903495456,-0.25251154990769326
9,11,58119,443,0,-0.5815084482080742,2025-06-18 11:55:07.411763906,-0.03545352903495456,-0.25251154990769326
9,11,58119,443,0,1.8779826908861867,2025-06-18 11:55:07.411866903,-0.03545352903495456,-0.25251154990769326
15,8,443,58119,0,0.405020775361957,2025-06-18 11:55:07.448487997,-0.027970195593856967,0.06267200888889786
9,11,58119,443,0,-0.6480058012280302,2025-06-18 11:55:07.448554039,-0.03545352903495456,-0.25251154990769326
9,11,58119,443,0,-0.5815084482080742,2025-06-18 11:55:07.453140974,-0.03545352903495456,-0.25251154990769326
9,11,58119,443,0,2.5156285417624766,2025-06-18 11:55:07.453227997,-0.03545352903495456,-0.25251154990769326
15,8,443,58119,0,-0.6443621106515942,2025-06-18 11:55:07.456357002,-0.027970195593856967,0.06267200888889786
15,8,443,58119,0,-0.6443621106515942,2025-06-18 11:55:07.456357002,-0.027970195593856967,0.06267200888889786
15,8,443,58119,0,-0.6443621106515942,2025-06-18 11:55:07.456357002,-0.027970195593856967,0.06267200888889786
15,8,443,58119,0,-0.6006378237343629,2025-06-18 11:55:07.456357002,-0.027970195593856967,0.06267200888889786
15,8,443,58119,0,-0.6443621106515942,2025-06-18 11:55:07.499434948,-0.027970195593856967,0.06267200888889786
15,8,443,58119,0,-0.6443621106515942,2025-06-18 11:55:07.499744892,-0.027970195593856967,0.06267200888889786
15,8,443,58119,0,-0.6443621106515942,2025-06-18 11:55:07.499744892,-0.027970195593856967,0.06267200888889786
15,8,443,58119,0,-0.6006378237343629,2025-06-18 11:55:07.499777079,-0.027970195593856967,0.06267200888889786
9,11,58119,443,0,-0.6480058012280302,2025-06-18 11:55:07.499810934,-0.03545352903495456,-0.25251154990769326
15,8,443,58119,0,0.40410985271784805,2025-06-18 11:55:07.501961946,-0.027970195593856967,0.06267200888889786
15,8,443,58119,0,0.5653431607251385,2025-06-18 11:55:07.504803896,-0.027970195593856967,0.06267200888889786
9,11,58119,443,0,-0.6480058012280302,2025-06-18 11:55:07.504904032,-0.03545352903495456,-0.25251154990769326
9,11,58119,443,0,-0.5815084482080742,2025-06-18 11:55:07.505764008,-0.03545352903495456,-0.25251154990769326
9,11,58119,443,0,1.1483336529548893,2025-06-18 11:55:07.505825043,-0.03545352903495456,-0.25251154990769326
15,8,443,58119,0,0.403198930073739,2025-06-18 11:55:07.535377026,-0.027970195593856967,0.06267200888889786
9,11,58119,443,0,-0.5815084482080742,2025-06-18 11:55:07.539432049,-0.03545352903495456,-0.25251154990769326
9,11,58119,443,0,2.7816179538423,2025-06-18 11:55:07.539560080,-0.03545352903495456,-0.25251154990769326
15,8,443,58119,0,-0.6443621106515942,2025-06-18 11:55:07.552942991,-0.027970195593856967,0.06267200888889786
15,8,443,58119,0,-0.6443621106515942,2025-06-18 11:55:07.559911013,-0.027970195593856967,0.06267200888889786
15,8,443,58119,0,-0.6443621106515942,2025-06-18 11:55:07.559911013,-0.027970195593856967,0.06267200888889786
15,8,443,58119,0,-0.6006378237343629,2025-06-18 11:55:07.559911013,-0.027970195593856967,0.06267200888889786
9,11,58119,443,0,-0.5815084482080742,2025-06-18 11:55:07.567774057,-0.03545352903495456,-0.25251154990769326
9,11,58119,443,0,0.7976284349729298,2025-06-18 11:55:07.567852020,-0.03545352903495456,-0.25251154990769326
15,8,443,58119,0,0.405931698006066,2025-06-18 11:55:07.571154118,-0.027970195593856967,0.06267200888889786
9,11,58119,443,0,-0.6480058012280302,2025-06-18 11:55:07.571263075,-0.03545352903495456,-0.25251154990769326
15,8,443,58119,0,-0.6443621106515942,2025-06-18 11:55:07.579507113,-0.027970195593856967,0.06267200888889786
9,11,58119,443,0,-0.5815084482080742,2025-06-18 11:55:07.593758106,-0.03545352903495456,-0.25251154990769326
9,11,58119,443,0,0.4423686037704254,2025-06-18 11:55:07.593832016,-0.03545352903495456,-0.25251154990769326
15,8,443,58119,0,-0.6443621106515942,2025-06-18 11:55:07.603477955,-0.027970195593856967,0.06267200888889786
15,8,443,58119,0,-0.6006378237343629,2025-06-18 11:55:07.603477955,-0.027970195593856967,0.06267200888889786
15,8,443,58119,0,-0.6443621106515942,2025-06-18 11:55:07.604406118,-0.027970195593856967,0.06267200888889786
15,8,443,58119,0,-0.6006378237343629,2025-06-18 11:55:07.604406118,-0.027970195593856967,0.06267200888889786
9,11,58119,443,0,-0.6480058012280302,2025-06-18 11:55:07.604432106,-0.03545352903495456,-0.25251154990769326
15,8,443,58119,0,-0.6443621106515942,2025-06-18 11:55:07.633941889,-0.027970195593856967,0.06267200888889786
15,8,443,58119,0,-0.6443621106515942,2025-06-18 11:55:07.635934114,-0.027970195593856967,0.06267200888889786
15,8,443,58119,0,-0.6006378237343629,2025-06-18 11:55:07.635934114,-0.027970195593856967,0.06267200888889786
9,11,58119,443,0,-0.6480058012280302,2025-06-18 11:55:07.682837963,-0.03545352903495456,-0.25251154990769326
15,8,443,58119,0,0.6637228062889089,2025-06-18 11:55:07.741096020,-0.027970195593856967,0.06267200888889786
15,8,443,58119,0,0.6637228062889089,2025-06-18 11:55:07.741096020,-0.027970195593856967,0.06267200888889786
15,8,443,58119,0,0.6637228062889089,2025-06-18 11:55:07.741096020,-0.027970195593856967,0.06267200888889786
15,8,443,58119,0,0.6637228062889089,2025-06-18 11:55:07.741096020,-0.027970195593856967,0.06267200888889786
15,8,443,58119,0,0.6637228062889089,2025-06-18 11:55:07.741096020,-0.027970195593856967,0.06267200888889786
15,8,443,58119,0,0.6637228062889089,2025-06-18 11:55:07.741096020,-0.027970195593856967,0.06267200888889786
15,8,443,58119,0,0.6637228062889089,2025-06-18 11:55:07.741096020,-0.027970195593856967,0.06267200888889786
15,8,443,58119,0,0.6637228062889089,2025-06-18 11:55:07.741096020,-0.027970195593856967,0.06267200888889786
15,8,443,58119,0,0.6637228062889089,2025-06-18 11:55:07.741096020,-0.027970195593856967,0.06267200888889786
15,8,443,58119,0,0.6637228062889089,2025-06-18 11:55:07.741096020,-0.027970195593856967,0.06267200888889786
9,11,58119,443,0,-0.6480058012280302,2025-06-18 11:55:07.741225958,-0.03545352903495456,-0.25251154990769326
9,11,58119,443,0,-0.5815084482080742,2025-06-18 11:55:07.745321035,-0.03545352903495456,-0.25251154990769326
9,11,58119,443,0,0.18822118606401847,2025-06-18 11:55:07.745423079,-0.03545352903495456,-0.25251154990769326
15,8,443,58119,0,0.6637228062889089,2025-06-18 11:55:07.809765100,-0.027970195593856967,0.06267200888889786
15,8,443,58119,0,0.6637228062889089,2025-06-18 11:55:07.809765100,-0.027970195593856967,0.06267200888889786
15,8,443,58119,0,0.6637228062889089,2025-06-18 11:55:07.809765100,-0.027970195593856967,0.06267200888889786
15,8,443,58119,0,0.6637228062889089,2025-06-18 11:55:07.809765100,-0.027970195593856967,0.06267200888889786
15,8,443,58119,0,-0.6425402653633763,2025-06-18 11:55:07.809765100,-0.027970195593856967,0.06267200888889786
15,8,443,58119,0,0.6637228062889089,2025-06-18 11:55:07.809765100,-0.027970195593856967,0.06267200888889786
15,8,443,58119,0,0.6637228062889089,2025-06-18 11:55:07.809765100,-0.027970195593856967,0.06267200888889786
15,8,443,58119,0,0.6637228062889089,2025-06-18 11:55:07.809765100,-0.027970195593856967,0.06267200888889786
15,8,443,58119,0,0.6637228062889089,2025-06-18 11:55:07.809765100,-0.027970195593856967,0.06267200888889786
9,11,58119,443,0,-0.6480058012280302,2025-06-18 11:55:07.809868097,-0.03545352903495456,-0.25251154990769326
15,8,443,58119,0,0.6637228062889089,2025-06-18 11:55:07.809957981,-0.027970195593856967,0.06267200888889786
15,8,443,58119,0,0.6637228062889089,2025-06-18 11:55:07.809957981,-0.027970195593856967,0.06267200888889786
15,8,443,58119,0,0.6637228062889089,2025-06-18 11:55:07.809957981,-0.027970195593856967,0.06267200888889786
15,8,443,58119,0,0.6637228062889089,2025-06-18 11:55:07.809957981,-0.027970195593856967,0.06267200888889786
15,8,443,58119,0,0.6637228062889089,2025-06-18 11:55:07.809957981,-0.027970195593856967,0.06267200888889786
15,8,443,58119,0,0.6637228062889089,2025-06-18 11:55:07.809957981,-0.027970195593856967,0.06267200888889786
15,8,443,58119,0,0.6637228062889089,2025-06-18 11:55:07.809957981,-0.027970195593856967,0.06267200888889786
15,8,443,58119,0,0.6637228062889089,2025-06-18 11:55:07.809957981,-0.027970195593856967,0.06267200888889786
9,11,58119,443,0,-0.6480058012280302,2025-06-18 11:55:07.810019970,-0.03545352903495456,-0.25251154990769326
15,8,443,58119,0,0.6637228062889089,2025-06-18 11:55:07.810060024,-0.027970195593856967,0.06267200888889786
15,8,443,58119,0,0.6637228062889089,2025-06-18 11:55:07.810060024,-0.027970195593856967,0.06267200888889786
15,8,443,58119,0,0.6637228062889089,2025-06-18 11:55:07.810060024,-0.027970195593856967,0.06267200888889786
15,8,443,58119,0,0.6637228062889089,2025-06-18 11:55:07.810060024,-0.027970195593856967,0.06267200888889786
9,11,58119,443,0,-0.6480058012280302,2025-06-18 11:55:07.810082912,-0.03545352903495456,-0.25251154990769326
9,11,58119,443,0,-0.5815084482080742,2025-06-18 11:55:07.827568054,-0.03545352903495456,-0.25251154990769326
9,11,58119,443,0,1.105520288681767,2025-06-18 11:55:07.827653885,-0.03545352903495456,-0.25251154990769326
15,8,443,58119,0,0.6637228062889089,2025-06-18 11:55:07.848480940,-0.027970195593856967,0.06267200888889786
15,8,443,58119,0,0.6637228062889089,2025-06-18 11:55:07.848480940,-0.027970195593856967,0.06267200888889786
15,8,443,58119,0,0.6637228062889089,2025-06-18 11:55:07.848480940,-0.027970195593856967,0.06267200888889786
15,8,443,58119,0,0.6637228062889089,2025-06-18 11:55:07.848480940,-0.027970195593856967,0.06267200888889786
15,8,443,58119,0,0.6637228062889089,2025-06-18 11:55:07.848480940,-0.027970195593856967,0.06267200888889786
15,8,443,58119,0,0.6637228062889089,2025-06-18 11:55:07.848480940,-0.027970195593856967,0.06267200888889786
15,8,443,58119,0,0.6637228062889089,2025-06-18 11:55:07.848480940,-0.027970195593856967,0.06267200888889786
15,8,443,58119,0,0.6637228062889089,2025-06-18 11:55:07.848480940,-0.027970195593856967,0.06267200888889786
15,8,443,58119,0,0.6637228062889089,2025-06-18 11:55:07.848480940,-0.027970195593856967,0.06267200888889786
15,8,443,58119,0,0.6637228062889089,2025-06-18 11:55:07.848480940,-0.027970195593856967,0.06267200888889786
15,8,443,58119,0,0.6637228062889089,2025-06-18 11:55:07.848480940,-0.027970195593856967,0.06267200888889786
15,8,443,58119,0,0.6637228062889089,2025-06-18 11:55:07.848480940,-0.027970195593856967,0.06267200888889786
15,8,443,58119,0,0.6637228062889089,2025-06-18 11:55:07.848480940,-0.027970195593856967,0.06267200888889786
15,8,443,58119,0,0.6637228062889089,2025-06-18 11:55:07.848480940,-0.027970195593856967,0.06267200888889786
15,8,443,58119,0,0.6637228062889089,2025-06-18 11:55:07.848480940,-0.027970195593856967,0.06267200888889786
15,8,443,58119,0,0.6637228062889089,2025-06-18 11:55:07.848480940,-0.027970195593856967,0.06267200888889786
15,8,443,58119,0,0.6637228062889089,2025-06-18 11:55:07.848480940,-0.027970195593856967,0.06267200888889786
9,11,58119,443,0,-0.6480058012280302,2025-06-18 11:55:07.848627090,-0.03545352903495456,-0.25251154990769326
15,8,443,58119,0,0.6637228062889089,2025-06-18 11:55:07.848761082,-0.027970195593856967,0.06267200888889786
15,8,443,58119,0,0.6637228062889089,2025-06-18 11:55:07.848761082,-0.027970195593856967,0.06267200888889786
15,8,443,58119,0,0.6637228062889089,2025-06-18 11:55:07.848761082,-0.027970195593856967,0.06267200888889786
15,8,443,58119,0,0.6637228062889089,2025-06-18 11:55:07.848761082,-0.027970195593856967,0.06267200888889786
15,8,443,58119,0,0.6637228062889089,2025-06-18 11:55:07.848761082,-0.027970195593856967,0.06267200888889786
15,8,443,58119,0,0.6637228062889089,2025-06-18 11:55:07.848761082,-0.027970195593856967,0.06267200888889786
15,8,443,58119,0,0.6637228062889089,2025-06-18 11:55:07.848761082,-0.027970195593856967,0.06267200888889786
15,8,443,58119,0,0.6637228062889089,2025-06-18 11:55:07.848761082,-0.027970195593856967,0.06267200888889786
15,8,443,58119,0,0.6637228062889089,2025-06-18 11:55:07.848761082,-0.027970195593856967,0.06267200888889786
15,8,443,58119,0,0.6637228062889089,2025-06-18 11:55:07.848761082,-0.027970195593856967,0.06267200888889786
15,8,443,58119,0,0.6637228062889089,2025-06-18 11:55:07.848761082,-0.027970195593856967,0.06267200888889786
15,8,443,58119,0,0.6637228062889089,2025-06-18 11:55:07.848761082,-0.027970195593856967,0.06267200888889786
15,8,443,58119,0,0.6637228062889089,2025-06-18 11:55:07.848761082,-0.027970195593856967,0.06267200888889786
15,8,443,58119,0,0.6637228062889089,2025-06-18 11:55:07.848761082,-0.027970195593856967,0.06267200888889786
15,8,443,58119,0,0.6637228062889089,2025-06-18 11:55:07.848761082,-0.027970195593856967,0.06267200888889786
15,8,443,58119,0,0.6637228062889089,2025-06-18 11:55:07.848761082,-0.027970195593856967,0.06267200888889786
15,8,443,58119,0,0.6637228062889089,2025-06-18 11:55:07.848761082,-0.027970195593856967,0.06267200888889786
15,8,443,58119,0,-0.5386950839349519,2025-06-18 11:55:07.848761082,-0.027970195593856967,0.06267200888889786
9,11,58119,443,0,-0.6480058012280302,2025-06-18 11:55:07.848846912,-0.03545352903495456,-0.25251154990769326
9,11,58119,443,0,-0.5815084482080742,2025-06-18 11:55:07.855495930,-0.03545352903495456,-0.25251154990769326
9,11,58119,443,0,8.350088077280528,2025-06-18 11:55:07.855581045,-0.03545352903495456,-0.25251154990769326
15,8,443,58119,0,0.6154439061511326,2025-06-18 11:55:07.855740070,-0.027970195593856967,0.06267200888889786
15,8,443,58119,0,-0.6425402653633763,2025-06-18 11:55:07.870605946,-0.027970195593856967,0.06267200888889786
15,8,443,58119,0,-0.6334310389222865,2025-06-18 11:55:07.870605946,-0.027970195593856967,0.06267200888889786
15,8,443,58119,0,-0.6425402653633763,2025-06-18 11:55:07.870605946,-0.027970195593856967,0.06267200888889786
15,8,443,58119,0,-0.6006378237343629,2025-06-18 11:55:07.870605946,-0.027970195593856967,0.06267200888889786
9,11,58119,443,0,-0.6480058012280302,2025-06-18 11:55:07.870671034,-0.03545352903495456,-0.25251154990769326
15,8,443,58119,0,0.405020775361957,2025-06-18 11:55:07.882637024,-0.027970195593856967,0.06267200888889786
9,11,58119,443,0,-0.6480058012280302,2025-06-18 11:55:07.882742882,-0.03545352903495456,-0.25251154990769326
15,8,443,58119,0,0.5161533379432532,2025-06-18 11:55:07.886909008,-0.027970195593856967,0.06267200888889786
9,11,58119,443,0,-0.6480058012280302,2025-06-18 11:55:07.886967897,-0.03545352903495456,-0.25251154990769326
15,8,443,58119,0,-0.6425402653633763,2025-06-18 11:55:07.892189980,-0.027970195593856967,0.06267200888889786
15,8,443,58119,0,-0.6425402653633763,2025-06-18 11:55:07.893337965,-0.027970195593856967,0.06267200888889786
15,8,443,58119,0,-0.6425402653633763,2025-06-18 11:55:07.893393993,-0.027970195593856967,0.06267200888889786
15,8,443,58119,0,-0.6006378237343629,2025-06-18 11:55:07.893393993,-0.027970195593856967,0.06267200888889786
15,8,443,58119,0,0.6637228062889089,2025-06-18 11:55:07.922782898,-0.027970195593856967,0.06267200888889786
15,8,443,58119,0,0.6637228062889089,2025-06-18 11:55:07.922782898,-0.027970195593856967,0.06267200888889786
15,8,443,58119,0,0.6637228062889089,2025-06-18 11:55:07.922782898,-0.027970195593856967,0.06267200888889786
15,8,443,58119,0,0.6637228062889089,2025-06-18 11:55:07.922782898,-0.027970195593856967,0.06267200888889786
15,8,443,58119,0,0.6637228062889089,2025-06-18 11:55:07.922782898,-0.027970195593856967,0.06267200888889786
15,8,443,58119,0,0.6637228062889089,2025-06-18 11:55:07.922782898,-0.027970195593856967,0.06267200888889786
15,8,443,58119,0,0.6637228062889089,2025-06-18 11:55:07.922782898,-0.027970195593856967,0.06267200888889786
15,8,443,58119,0,0.6637228062889089,2025-06-18 11:55:07.922782898,-0.027970195593856967,0.06267200888889786
15,8,443,58119,0,0.6637228062889089,2025-06-18 11:55:07.922782898,-0.027970195593856967,0.06267200888889786
15,8,443,58119,0,0.6637228062889089,2025-06-18 11:55:07.922782898,-0.027970195593856967,0.06267200888889786
15,8,443,58119,0,0.6637228062889089,2025-06-18 11:55:07.922782898,-0.027970195593856967,0.06267200888889786
15,8,443,58119,0,0.6637228062889089,2025-06-18 11:55:07.922782898,-0.027970195593856967,0.06267200888889786
15,8,443,58119,0,0.6637228062889089,2025-06-18 11:55:07.922782898,-0.027970195593856967,0.06267200888889786
15,8,443,58119,0,0.6637228062889089,2025-06-18 11:55:07.922782898,-0.027970195593856967,0.06267200888889786
15,8,443,58119,0,0.6637228062889089,2025-06-18 11:55:07.922782898,-0.027970195593856967,0.06267200888889786
15,8,443,58119,0,0.6637228062889089,2025-06-18 11:55:07.922782898,-0.027970195593856967,0.06267200888889786
15,8,443,58119,0,0.6637228062889089,2025-06-18 11:55:07.922782898,-0.027970195593856967,0.06267200888889786
15,8,443,58119,0,0.6637228062889089,2025-06-18 11:55:07.922782898,-0.027970195593856967,0.06267200888889786
15,8,443,58119,0,0.6637228062889089,2025-06-18 11:55:07.922782898,-0.027970195593856967,0.06267200888889786
15,8,443,58119,0,0.6637228062889089,2025-06-18 11:55:07.922782898,-0.027970195593856967,0.06267200888889786
15,8,443,58119,0,0.6637228062889089,2025-06-18 11:55:07.922782898,-0.027970195593856967,0.06267200888889786
15,8,443,58119,0,0.6637228062889089,2025-06-18 11:55:07.922782898,-0.027970195593856967,0.06267200888889786
15,8,443,58119,0,0.6637228062889089,2025-06-18 11:55:07.922782898,-0.027970195593856967,0.06267200888889786
15,8,443,58119,0,0.6637228062889089,2025-06-18 11:55:07.922782898,-0.027970195593856967,0.06267200888889786
15,8,443,58119,0,0.6637228062889089,2025-06-18 11:55:07.922782898,-0.027970195593856967,0.06267200888889786
15,8,443,58119,0,0.6637228062889089,2025-06-18 11:55:07.922782898,-0.027970195593856967,0.06267200888889786
15,8,443,58119,0,0.15269520294376804,2025-06-18 11:55:07.922782898,-0.027970195593856967,0.06267200888889786
9,11,58119,443,0,-0.6480058012280302,2025-06-18 11:55:07.922983885,-0.03545352903495456,-0.25251154990769326
15,8,443,58119,0,0.405020775361957,2025-06-18 11:55:08.053714991,-0.027970195593856967,0.06267200888889786
10,13,5353,5353,1,-0.46308850447390615,2025-06-18 11:55:08.084831953,0.8832338214146881,-0.41849206978195813
9,11,58119,443,0,-0.6480058012280302,2025-06-18 11:55:08.099198103,-0.03545352903495456,-0.25251154990769326
15,8,443,58119,0,0.5161533379432532,2025-06-18 11:55:08.118638039,-0.027970195593856967,0.06267200888889786
9,11,58119,443,0,-0.6480058012280302,2025-06-18 11:55:08.165096045,-0.03545352903495456,-0.25251154990769326
15,8,443,58119,0,0.6637228062889089,2025-06-18 11:55:08.476092100,-0.027970195593856967,0.06267200888889786
15,8,443,58119,0,0.6637228062889089,2025-06-18 11:55:08.476092100,-0.027970195593856967,0.06267200888889786
15,8,443,58119,0,0.6637228062889089,2025-06-18 11:55:08.476092100,-0.027970195593856967,0.06267200888889786
15,8,443,58119,0,0.6637228062889089,2025-06-18 11:55:08.476092100,-0.027970195593856967,0.06267200888889786
15,8,443,58119,0,0.6637228062889089,2025-06-18 11:55:08.476092100,-0.027970195593856967,0.06267200888889786
15,8,443,58119,0,0.6637228062889089,2025-06-18 11:55:08.476092100,-0.027970195593856967,0.06267200888889786
15,8,443,58119,0,0.6637228062889089,2025-06-18 11:55:08.476092100,-0.027970195593856967,0.06267200888889786
15,8,443,58119,0,0.6637228062889089,2025-06-18 11:55:08.476092100,-0.027970195593856967,0.06267200888889786
15,8,443,58119,0,0.6637228062889089,2025-06-18 11:55:08.476092100,-0.027970195593856967,0.06267200888889786
15,8,443,58119,0,-0.4284734439977647,2025-06-18 11:55:08.476092100,-0.027970195593856967,0.06267200888889786
9,11,58119,443,0,-0.6480058012280302,2025-06-18 11:55:08.476182938,-0.03545352903495456,-0.25251154990769326
15,8,443,58096,0,-0.6088361275313439,2025-06-18 11:55:08.640188932,-0.027970195593856967,0.06267200888889786
15,8,443,58096,0,-0.6224999671929786,2025-06-18 11:55:08.640188932,-0.027970195593856967,0.06267200888889786
15,8,443,58096,0,-0.6443621106515942,2025-06-18 11:55:08.640188932,-0.027970195593856967,0.06267200888889786
9,11,58096,443,0,-0.6480058012280302,2025-06-18 11:55:08.640301943,-0.03545352903495456,-0.25251154990769326
9,11,58096,443,0,-0.6480058012280302,2025-06-18 11:55:08.640594959,-0.03545352903495456,-0.25251154990769326
15,8,443,58119,0,0.6637228062889089,2025-06-18 11:55:08.657102108,-0.027970195593856967,0.06267200888889786
15,8,443,58119,0,0.6637228062889089,2025-06-18 11:55:08.657102108,-0.027970195593856967,0.06267200888889786
15,8,443,58119,0,0.6637228062889089,2025-06-18 11:55:08.657102108,-0.027970195593856967,0.06267200888889786
15,8,443,58119,0,0.6637228062889089,2025-06-18 11:55:08.657102108,-0.027970195593856967,0.06267200888889786
21,8,443,58233,0,-0.22442677171735195,2025-06-18 12:08:30.445427895,4.228625697534312,-0.41831610540931186
9,19,58233,443,0,-0.6480058012280302,2025-06-18 12:08:30.445492029,4.10592610547206,-0.4182224108848662
9,19,58233,443,0,-0.6261436577694145,2025-06-18 12:08:30.445975065,4.10592610547206,-0.4182224108848662
9,19,58233,443,0,-0.6480058012280302,2025-06-18 12:08:30.446065903,4.10592610547206,-0.4182224108848662
11,13,5353,5353,1,-0.4831288026443038,2025-06-18 12:08:30.501214980,4.337480807889001,-0.41922960162045503
21,8,443,58233,0,-0.6480058012280302,2025-06-18 12:08:30.670123100,4.228625697534312,-0.41831610540931186
21,8,443,58233,0,-0.6480058012280302,2025-06-18 12:08:30.670627117,4.228625697534312,-0.41831610540931186
9,19,58232,443,0,-0.5414278518672789,2025-06-18 12:08:31.200951099,4.10592610547206,-0.4182224108848662
9,19,58232,443,0,1.5892202127036383,2025-06-18 12:08:31.201100111,4.10592610547206,-0.4182224108848662
21,8,443,58232,0,-0.6480058012280302,2025-06-18 12:08:31.427253008,4.228625697534312,-0.41831610540931186
21,8,443,58232,0,-0.5578244594612406,2025-06-18 12:08:31.427253008,4.228625697534312,-0.41831610540931186
9,19,58232,443,0,-0.6161235086842157,2025-06-18 12:08:31.428965092,4.10592610547206,-0.4182224108848662
21,8,443,58232,0,-0.6480058012280302,2025-06-18 12:08:31.705104113,4.228625697534312,-0.41831610540931186
8,13,5353,5353,1,-0.5232093989850992,2025-06-18 12:08:32.548154116,-0.5900320450550212,-0.3950448352306841
8,13,5353,5353,1,-0.5232093989850992,2025-06-18 12:08:32.753496885,-0.5900320450550212,-0.3950448352306841
8,13,5353,5353,1,-0.5232093989850992,2025-06-18 12:08:33.059974909,-0.5900320450550212,-0.3950448352306841
8,13,5353,5353,1,-0.23809061137898674,2025-06-18 12:08:33.266618013,-0.5900320450550212,-0.3950448352306841
11,13,5353,5353,1,-0.6061033595990168,2025-06-18 12:08:33.367465019,4.337480807889001,-0.41922960162045503
11,13,5353,5353,1,-0.4831288026443038,2025-06-18 12:08:34.288887024,4.337480807889001,-0.41922960162045503
11,13,5353,5353,1,-0.6061033595990168,2025-06-18 12:08:37.258805990,4.337480807889001,-0.41922960162045503
11,13,5353,5353,1,-0.4831288026443038,2025-06-18 12:08:38.282861948,4.337480807889001,-0.41922960162045503
11,13,5353,5353,1,-0.6061033595990168,2025-06-18 12:08:41.149481058,4.337480807889001,-0.41922960162045503
9,19,58232,443,0,-0.5405169292231699,2025-06-18 12:08:41.370400906,4.10592610547206,-0.4182224108848662
9,19,58232,443,0,1.7686719735931085,2025-06-18 12:08:41.370486975,4.10592610547206,-0.4182224108848662
21,8,443,58232,0,-0.6480058012280302,2025-06-18 12:08:41.596431017,4.228625697534312,-0.41831610540931186
21,8,443,58232,0,-0.5578244594612406,2025-06-18 12:08:41.603770018,4.228625697534312,-0.41831610540931186
9,19,58232,443,0,-0.6161235086842157,2025-06-18 12:08:41.604671001,4.10592610547206,-0.4182224108848662
21,8,443,58232,0,-0.6480058012280302,2025-06-18 12:08:41.877408981,4.228625697534312,-0.41831610540931186
11,13,5353,5353,1,-0.4831288026443038,2025-06-18 12:08:42.175218105,4.337480807889001,-0.41922960162045503
13,6,443,53193,0,-0.5541807688848047,2025-06-25 10:27:27.200115919,-0.7914222300683899,-0.33222971354572256
13,6,443,53193,0,-0.6425402653633763,2025-06-25 10:27:27.201863050,-0.7914222300683899,-0.33222971354572256
13,6,443,53193,0,-0.6425402653633763,2025-06-25 10:27:27.201863050,-0.7914222300683899,-0.33222971354572256
13,6,443,53193,0,-0.22351584907324296,2025-06-25 10:27:27.201863050,-0.7914222300683899,-0.33222971354572256
7,9,53193,443,0,-0.6480058012280302,2025-06-25 10:27:27.202006102,-0.9126811972351117,12.806894631649305
7,9,53193,443,0,-0.6261436577694145,2025-06-25 10:27:27.202908993,-0.9126811972351117,12.806894631649305
7,9,53193,443,0,-0.6480058012280302,2025-06-25 10:27:27.203110933,-0.9126811972351117,12.806894631649305
6,6,55988,161,1,-0.5878849067168371,2025-06-25 10:27:27.240209103,-0.9131777473083761,-0.42214873875980424
13,6,443,53193,0,-0.6480058012280302,2025-06-25 10:27:27.470820904,-0.7914222300683899,-0.33222971354572256
7,4,53094,53,0,-0.6470948785839212,2025-06-25 10:27:27.667675018,-0.5842146730916147,-0.38886798999879923
7,4,53095,53,0,-0.6470948785839212,2025-06-25 10:27:27.667675018,-0.5842146730916147,-0.38886798999879923
4,6,53,53095,0,-0.6370747294987223,2025-06-25 10:27:27.673690081,-0.5850490031513116,-0.3887833673328641
4,6,53,53094,0,-0.6370747294987223,2025-06-25 10:27:27.673690081,-0.5850490031513116,-0.3887833673328641
7,1,53194,443,0,-0.6370747294987223,2025-06-25 10:27:27.721648932,-0.3039611820581679,-0.36104786040705944
1,6,443,53194,0,-0.6370747294987223,2025-06-25 10:27:28.048247099,-0.4688639321589508,-0.358083304975054
7,1,53194,443,0,-0.6480058012280302,2025-06-25 10:27:28.048394918,-0.3039611820581679,-0.36104786040705944
7,1,53194,443,0,-0.1770587942236847,2025-06-25 10:27:28.048948050,-0.3039611820581679,-0.36104786040705944
1,6,443,53194,0,0.6600791157124729,2025-06-25 10:27:28.375052929,-0.4688639321589508,-0.358083304975054
1,6,443,53194,0,0.6600791157124729,2025-06-25 10:27:28.375052929,-0.4688639321589508,-0.358083304975054
1,6,443,53194,0,0.466963515161368,2025-06-25 10:27:28.375052929,-0.4688639321589508,-0.358083304975054
7,1,53194,443,0,-0.6480058012280302,2025-06-25 10:27:28.375226974,-0.3039611820581679,-0.36104786040705944
1,6,443,53194,0,0.6600791157124729,2025-06-25 10:27:28.377623081,-0.4688639321589508,-0.358083304975054
1,6,443,53194,0,-0.5068127913911374,2025-06-25 10:27:28.377623081,-0.4688639321589508,-0.358083304975054
7,1,53194,443,0,-0.6480058012280302,2025-06-25 10:27:28.377741098,-0.3039611820581679,-0.36104786040705944
7,1,53194,443,0,-0.5897067520050551,2025-06-25 10:27:28.379462004,-0.3039611820581679,-0.36104786040705944
7,1,53194,443,0,0.6600791157124729,2025-06-25 10:27:28.379611969,-0.3039611820581679,-0.36104786040705944
7,1,53194,443,0,0.6600791157124729,2025-06-25 10:27:28.379611969,-0.3039611820581679,-0.36104786040705944
7,1,53194,443,0,0.6600791157124729,2025-06-25 10:27:28.379611969,-0.3039611820581679,-0.36104786040705944
7,1,53194,443,0,0.6600791157124729,2025-06-25 10:27:28.379611969,-0.3039611820581679,-0.36104786040705944
7,1,53194,443,0,0.6600791157124729,2025-06-25 10:27:28.379611969,-0.3039611820581679,-0.36104786040705944
7,1,53194,443,0,0.6600791157124729,2025-06-25 10:27:28.379611969,-0.3039611820581679,-0.36104786040705944
7,1,53194,443,0,0.6600791157124729,2025-06-25 10:27:28.379611969,-0.3039611820581679,-0.36104786040705944
7,1,53194,443,0,-0.28728043416087196,2025-06-25 10:27:28.379611969,-0.3039611820581679,-0.36104786040705944
7,4,53108,53,0,-0.6470948785839212,2025-06-25 10:27:28.399072886,-0.5842146730916147,-0.38886798999879923
7,4,53107,53,0,-0.6470948785839212,2025-06-25 10:27:28.399072886,-0.5842146730916147,-0.38886798999879923
7,4,53106,53,0,-0.6470948785839212,2025-06-25 10:27:28.399072886,-0.5842146730916147,-0.38886798999879923
4,6,53,53108,0,-0.6370747294987223,2025-06-25 10:27:28.403233051,-0.5850490031513116,-0.3887833673328641
4,6,53,53106,0,-0.6370747294987223,2025-06-25 10:27:28.403233051,-0.5850490031513116,-0.3887833673328641
4,6,53,53107,0,-0.6370747294987223,2025-06-25 10:27:28.403233051,-0.5850490031513116,-0.3887833673328641
1,6,443,53194,0,-0.5760429123434203,2025-06-25 10:27:28.700901985,-0.4688639321589508,-0.358083304975054
1,6,443,53194,0,-0.5760429123434203,2025-06-25 10:27:28.700901985,-0.4688639321589508,-0.358083304975054
7,1,53194,443,0,-0.6480058012280302,2025-06-25 10:27:28.701026917,-0.3039611820581679,-0.36104786040705944
1,6,443,53194,0,-0.6425402653633763,2025-06-25 10:27:28.707712889,-0.4688639321589508,-0.358083304975054
1,6,443,53194,0,-0.6425402653633763,2025-06-25 10:27:28.707712889,-0.4688639321589508,-0.358083304975054
1,6,443,53194,0,-0.6425402653633763,2025-06-25 10:27:28.707712889,-0.4688639321589508,-0.358083304975054
1,6,443,53194,0,-0.5660227632582215,2025-06-25 10:27:28.711669922,-0.4688639321589508,-0.358083304975054
7,1,53194,443,0,-0.6197671992606516,2025-06-25 10:27:28.712214947,-0.3039611820581679,-0.36104786040705944
1,6,443,53194,0,-0.22533769436146092,2025-06-25 10:27:29.036108971,-0.4688639321589508,-0.358083304975054
7,1,53194,443,0,-0.6480058012280302,2025-06-25 10:27:29.076144934,-0.3039611820581679,-0.36104786040705944
